UWI,Lahee Classification,Well Trajectory,Projected Formation,Producing Formation,Field,Type,Spud Date,Total Well Depth (mKB),True Vertical Depth (m TVD),Rig Release Date,Drilling Contractor Name,Completion Length (m),Last Injection Date,Last Production Date,Full Status,Base Of Groundwater Protection Elev. (m above sea level),Base Of Groundwater Protection Depth (mKB),Recovery Mechanism,Scheme Sub Type,Completion Bottom (mKB),Completion Top (mKB),Deepest Form. Depth (mKB),Deepest Form. Name,Cum. BOE (bbl),Geological Formation,Fractured Well Flag,EDCT,PSAC Area Code,LLR Abandonment Area,Cum. Gas Injection - E3M3 (e3m3),Cum. Water Production (bbl),Cum. Oil Production (bbl),Surface Aband. Date,Cum. Oil Production (m3),Cum. Water Production (m3),Final Drill Date,Ground Elevation (m above sea level),Initial 3Mth Prod. Gas (Mcf/d),Initial 3Mth Prod. Oil (BBL/d),Initial 3Mth Prod. Water (BBL/d),Last 3Mth Prod. Gas (Mcf/d),Last 3Mth Prod. Oil (BBL/d),Last 3Mth Prod. Water (BBL/d),Initial 3Mth Prod. BOE (BOE/d),Last 3Mth Prod. BOE (BOE/d),Last 3Mth Prod. Condensate (BBL/d),Cum. Condensate Production (bbl),Cum. Water Injection - M3 (m3),Cum. Co2 Injection (e3m3),Oil Pool  Area Pool Ha (ha),Oil Pool Average Pay Thickness (m),Oil Pool Initial Pressure (kpa),Oil Pool Temperature (ºC),Licence,Perforation Count,Cum. Condensate Production (m3),Cum. CO2 Injection (mcf),Cum. Gas Production (e3m3),Cum. Gas Production (mcf),Initial 3Mth Prod. Condensate (BBL/d),Cum. Water Injection - BBL (bbl),Cement Amount,Cement Type,Cement Unit
100/02-05-051-26W4/03,RE-ENTRY,Vertical,ELLERSLIE MBR,,LEDUC-WOODBEND,,20021107,1617.3,0,20021126,BONUS WELL SERVICING PARTNERSHIP,,,,Drilled And Cased,105.29,597.5,PRIMARY,,,,,,,,,BWL,AB5,Calgary/Edmonton,,,,19960529,,,20021117,702.3,,,,,,,,,,,,,,,,,0000724,1,,,,,,,50,CLASS G NEAT,Slacks
100/02-05-051-26W4/03,RE-ENTRY,Vertical,ELLERSLIE MBR,,LEDUC-WOODBEND,,20021107,1617.3,0,20021126,BONUS WELL SERVICING PARTNERSHIP,,,,Drilled And Cased,105.29,597.5,PRIMARY,,,,,,,,,BWL,AB5,Calgary/Edmonton,,,,19960529,,,20021117,702.3,,,,,,,,,,,,,,,,,0000724,1,,,,,,,150,CLASS G NEAT,Slacks
100/02-05-051-26W4/03,RE-ENTRY,Vertical,ELLERSLIE MBR,,LEDUC-WOODBEND,,20021107,1617.3,0,20021126,BONUS WELL SERVICING PARTNERSHIP,,,,Drilled And Cased,105.29,597.5,PRIMARY,,,,,,,,,BWL,AB5,Calgary/Edmonton,,,,19960529,,,20021117,702.3,,,,,,,,,,,,,,,,,0000724,1,,,,,,,50,CLASS G NEAT,Slacks
100/15-36-050-26W4/02,DEVELOPMENT,Vertical,,,LEDUC-WOODBEND,,19511102,1617,0,,,,,,Abandoned Zone,389.4,311.9,PRIMARY,,,,1582.5,LEDUC FM,,,,BWL,AB5,Calgary/Edmonton,,,,20170705,,,19511208,699.5,,,,,,,,,,,,,,,,,0003552,14,,,,,,,50,CLASS G NEAT,Slacks
100/15-36-050-26W4/03,DEVELOPMENT,Vertical,,,LEDUC-WOODBEND,,19511102,1617,0,,,,,,Abandoned,389.4,311.9,PRIMARY,,,,1582.5,LEDUC FM,,,,BWL,AB5,Calgary/Edmonton,,,,20170705,,,19511208,699.5,,,,,,,,,,,,,,,,,0003552,14,,,,,,,50,CLASS G NEAT,Slacks
100/15-36-050-26W4/00,DEVELOPMENT,Vertical,,LEDUC-WOODBEND D-3 A,LEDUC-WOODBEND,,19511102,1617,0,,,1,,19951001,Abandoned Zone Gas,389.4,311.9,WATER FLOOD,Waterflood,1584,1583,1582.5,LEDUC FM,1267501,D-3 A,,BWL,AB5,Calgary/Edmonton,0,299230.2,364719.1,20170705,57985.7,47573.8,19511208,699.5,160.74,160.69,16.83,1656.33,1.06,1121.12,243.8,290.75,4.12,17813.373,0,,,8,,,0003552,14,2832.1,,145345.2,5132817.5,55.4,0,50,CLASS G NEAT,Slacks
100/07-30-050-26W4/02,DEVELOPMENT,Vertical,,,LEDUC-WOODBEND,,19511028,1621.5,0,,,,,,Abandoned,366,339.6,PRIMARY,,,,1615.4,LEDUC FM,,,YES,BWL,AB5,Calgary/Edmonton,,,,20000323,,,19511126,702.9,,,,,,,,,,,,,,,,,0003553,6,,,,,,,1,CLASS G NEAT,Tonnes
100/07-30-050-26W4/00,DEVELOPMENT,Vertical,,LEDUC-WOODBEND D-3 A,LEDUC-WOODBEND,,19511028,1621.5,0,,,19,,19890601,Abandoned Zone Crude Oil,366,339.6,WATER FLOOD,Waterflood,1620.9,1601.7,1615.4,LEDUC FM,544726.6,D-3 A,YES,BWL,AB5,Calgary/Edmonton,0,323920.84,499133.6,20000323,79355.9,51499.3,19511126,702.9,60.46,110.45,18.92,5.24,3.57,198.61,120.87,4.47,,0,0,,,8,,,0003553,6,0,,7488.1,264439.75,,0,1,CLASS G NEAT,Tonnes
100/11-35-049-26W4/02,DEVELOPMENT,Vertical,,LEDUC-WOODBEND D-2 A,LEDUC-WOODBEND,,19520403,1751,0,,,32,,20220501,Suspended Crude Oil,383.59,342.7,PRIMARY,,1574,1542,1639.2,LEDUC FM,80123.86,D-2 A,YES,BWL,AB5,Calgary/Edmonton,0,50543.66,62044.582,,9864.3,8035.8,19520428,723.3,,,,,,,,,,0,0,,,10,10441,54,0004355,7,0,,2969.3,104859.84,,0,7,CLASS G NEAT,Cubic metres
100/11-35-049-26W4/00,DEVELOPMENT,Vertical,,LEDUC-WOODBEND D-3 A,LEDUC-WOODBEND,INJECTION,19520403,1751,0,,,20,19901101,19790701,Abandoned Zone Water Injection,383.59,342.7,WATER FLOOD,Waterflood,1740,1720,1639.2,LEDUC FM,246855.11,D-3 A,YES,BWL,AB5,Calgary/Edmonton,0,108073.414,225357,,35828.9,17182.3,19520428,723.3,19.59,33.83,32.9,2.15,1.46,55.13,37.21,1.83,,0,154168.69,0,,8,,,0004355,7,0,0,3530.8,124689.02,,969691.9,7,CLASS G NEAT,Cubic metres
100/06-13-047-10W5/00,DEVELOPMENT,Vertical,,PEMBINA CARDIUM,PEMBINA,INJECTION,19551205,1821.2,0,,,10,20221201,19750901,Water Injection,325,619.6,WATER FLOOD,Waterflood,1800.5,1790.4,1790.7,CARDIUM SD,217662.25,CARDIUM,YES,BWL,AB2,Drayton Valley/Grande Prairie,0,4170.7734,189594.39,,30143.1,663.1,19551231,941,30.87,32.56,1.04,6.53,13.36,1.09,37.88,14.49,,0,77444.41,0,,5,,52,0010440,3,0,0,4609.8,162793.55,,487110.66,13,CLASS A NEAT,Tonnes
100/16-34-049-26W4/02,RE-ENTRY,Horizontal,LEDUC FM,LEDUC-WOODBEND D-3 A,LEDUC-WOODBEND,,19490321,1729,1652.55,19980523,,1,,20040501,Abandoned Crude Oil,381.4,350.4,WATER FLOOD,Waterflood,1698.5,1697.5,,,57865.484,D-3 A,,BWL,AB5,Calgary/Edmonton,0,505469.94,49328.47,20180825,7842.6,80363.3,19980521,727.9,317.18,78.95,39.87,4,2.17,280.96,133.64,2.86,,0,0,,,8,,,0012309,5,0,,1402.1,49514.695,,0,3.1,GPSL/GPCEM/THX,Cubic metres
100/16-34-049-26W4/02,RE-ENTRY,Horizontal,LEDUC FM,LEDUC-WOODBEND D-3 A,LEDUC-WOODBEND,,19490321,1729,1652.55,19980523,,1,,20040501,Abandoned Crude Oil,381.4,350.4,WATER FLOOD,Waterflood,1698.5,1697.5,,,57865.484,D-3 A,,BWL,AB5,Calgary/Edmonton,0,505469.94,49328.47,20180825,7842.6,80363.3,19980521,727.9,317.18,78.95,39.87,4,2.17,280.96,133.64,2.86,,0,0,,,8,,,0012309,5,0,,1402.1,49514.695,,0,2.5,GPSL/GPCEM/THX,Cubic metres
100/11-17-030-28W4/02,DEVELOPMENT,Vertical,,,LONE PINE CREEK,,19800815,2523,0,,,,,,Abandoned,534.9,471.7,PRIMARY,,,,2470.3,CROSSFIELD MBR,,,YES,BWL,AB2,Calgary/Edmonton,,,,20141022,,,19800906,1001.7,,,,,,,,,,,,,,,,,0084383,10,,,,,,,19,CLASS G NEAT,Tonnes
100/11-17-030-28W4/02,DEVELOPMENT,Vertical,,,LONE PINE CREEK,,19800815,2523,0,,,,,,Abandoned,534.9,471.7,PRIMARY,,,,2470.3,CROSSFIELD MBR,,,YES,BWL,AB2,Calgary/Edmonton,,,,20141022,,,19800906,1001.7,,,,,,,,,,,,,,,,,0084383,10,,,,,,,75,CLASS G NEAT,Tonnes
100/11-17-030-28W4/00,DEVELOPMENT,Vertical,,,LONE PINE CREEK,,19800815,2523,0,,,,,,Abandoned Zone,534.9,471.7,PRIMARY,,,,2470.3,CROSSFIELD MBR,,,YES,BWL,AB2,Calgary/Edmonton,,,,20141022,,,19800906,1001.7,,,,,,,,,,,,,,,,,0084383,10,,,,,,,19,CLASS G NEAT,Tonnes
100/11-17-030-28W4/00,DEVELOPMENT,Vertical,,,LONE PINE CREEK,,19800815,2523,0,,,,,,Abandoned Zone,534.9,471.7,PRIMARY,,,,2470.3,CROSSFIELD MBR,,,YES,BWL,AB2,Calgary/Edmonton,,,,20141022,,,19800906,1001.7,,,,,,,,,,,,,,,,,0084383,10,,,,,,,75,CLASS G NEAT,Tonnes
100/08-11-049-25W4/02,OUTPOST,Vertical,NISKU FM,LEDUC-WOODBEND BLAIRMORE EEE,LEDUC-WOODBEND,,19850205,1604,0,19850215,TRI-CITY DRILLING INC.,2,,20010101,Abandoned Gas,376,374.8,PRIMARY,,1354,1352,1592.5,IRETON FM,73195.695,BLAIRMORE EEE,,BWL,AB5,Calgary/Edmonton,0,8970.528,0,20030723,0,1426.2,19850214,747.1,471.28,,4.25,48.56,,7.19,84.87,11.15,2.78,5693.5366,0,,,,,,0113007,8,905.2,,11086.4,391512.53,3.61,0,16,CLASS G NEAT,Tonnes
100/08-11-049-25W4/02,OUTPOST,Vertical,NISKU FM,LEDUC-WOODBEND BLAIRMORE EEE,LEDUC-WOODBEND,,19850205,1604,0,19850215,TRI-CITY DRILLING INC.,2,,20010101,Abandoned Gas,376,374.8,PRIMARY,,1354,1352,1592.5,IRETON FM,73195.695,BLAIRMORE EEE,,BWL,AB5,Calgary/Edmonton,0,8970.528,0,20030723,0,1426.2,19850214,747.1,471.28,,4.25,48.56,,7.19,84.87,11.15,2.78,5693.5366,0,,,,,,0113007,8,905.2,,11086.4,391512.53,3.61,0,16,1:1:4 POZ,Cubic metres
100/08-11-049-25W4/02,OUTPOST,Vertical,NISKU FM,LEDUC-WOODBEND BLAIRMORE EEE,LEDUC-WOODBEND,,19850205,1604,0,19850215,TRI-CITY DRILLING INC.,2,,20010101,Abandoned Gas,376,374.8,PRIMARY,,1354,1352,1592.5,IRETON FM,73195.695,BLAIRMORE EEE,,BWL,AB5,Calgary/Edmonton,0,8970.528,0,20030723,0,1426.2,19850214,747.1,471.28,,4.25,48.56,,7.19,84.87,11.15,2.78,5693.5366,0,,,,,,0113007,8,905.2,,11086.4,391512.53,3.61,0,26,CLASS G NEAT,Cubic metres
100/08-11-049-25W4/00,OUTPOST,Vertical,NISKU FM,LEDUC-WOODBEND D-2 B,LEDUC-WOODBEND,,19850205,1604,0,19850215,TRI-CITY DRILLING INC.,,,19850701,Abandoned Zone Crude Oil,376,374.8,PRIMARY,,,,1592.5,IRETON FM,247.45345,D-2 B,,BWL,AB5,Calgary/Edmonton,0,4359.468,179.25961,20030723,28.5,693.1,19850214,747.1,8.07,5.43,5815.35,4.35,2.94,29.22,6.82,3.69,,0,0,,8843,14,11696,60,0113007,8,0,,11.2,395.52426,,0,16,CLASS G NEAT,Tonnes
100/08-11-049-25W4/00,OUTPOST,Vertical,NISKU FM,LEDUC-WOODBEND D-2 B,LEDUC-WOODBEND,,19850205,1604,0,19850215,TRI-CITY DRILLING INC.,,,19850701,Abandoned Zone Crude Oil,376,374.8,PRIMARY,,,,1592.5,IRETON FM,247.45345,D-2 B,,BWL,AB5,Calgary/Edmonton,0,4359.468,179.25961,20030723,28.5,693.1,19850214,747.1,8.07,5.43,5815.35,4.35,2.94,29.22,6.82,3.69,,0,0,,8843,14,11696,60,0113007,8,0,,11.2,395.52426,,0,16,1:1:4 POZ,Cubic metres
100/08-11-049-25W4/00,OUTPOST,Vertical,NISKU FM,LEDUC-WOODBEND D-2 B,LEDUC-WOODBEND,,19850205,1604,0,19850215,TRI-CITY DRILLING INC.,,,19850701,Abandoned Zone Crude Oil,376,374.8,PRIMARY,,,,1592.5,IRETON FM,247.45345,D-2 B,,BWL,AB5,Calgary/Edmonton,0,4359.468,179.25961,20030723,28.5,693.1,19850214,747.1,8.07,5.43,5815.35,4.35,2.94,29.22,6.82,3.69,,0,0,,8843,14,11696,60,0113007,8,0,,11.2,395.52426,,0,26,CLASS G NEAT,Cubic metres
100/15-04-010-17W4/00,DEVELOPMENT,Vertical,MISSISSIPPIAN SYSTEM,,TABER NORTH,,19850515,1022,0,19850522,CAMARO DRILLING,,,19900101,Abandoned Crude Oil,475.2,340.3,PRIMARY,,,,1005.5,LIVINGSTONE FM,0,,,BWL,AB3,Calgary/Edmonton,0,1084.9923,0,19901030,0,172.5,19850520,811.8,,,25.83,,,35,0,0,,0,0,,,,,,0114217,2,0,,0,0,,0,14,CLASS G NEAT,Tonnes
100/15-04-010-17W4/00,DEVELOPMENT,Vertical,MISSISSIPPIAN SYSTEM,,TABER NORTH,,19850515,1022,0,19850522,CAMARO DRILLING,,,19900101,Abandoned Crude Oil,475.2,340.3,PRIMARY,,,,1005.5,LIVINGSTONE FM,0,,,BWL,AB3,Calgary/Edmonton,0,1084.9923,0,19901030,0,172.5,19850520,811.8,,,25.83,,,35,0,0,,0,0,,,,,,0114217,2,0,,0,0,,0,30,CLASS G NEAT,Tonnes
100/15-04-010-17W4/00,DEVELOPMENT,Vertical,MISSISSIPPIAN SYSTEM,,TABER NORTH,,19850515,1022,0,19850522,CAMARO DRILLING,,,19900101,Abandoned Crude Oil,475.2,340.3,PRIMARY,,,,1005.5,LIVINGSTONE FM,0,,,BWL,AB3,Calgary/Edmonton,0,1084.9923,0,19901030,0,172.5,19850520,811.8,,,25.83,,,35,0,0,,0,0,,,,,,0114217,2,0,,0,0,,0,10,CLASS G NEAT,Tonnes
100/16-08-049-25W4/00,DEVELOPMENT,Deviated,NISKU FM,LEDUC-WOODBEND D-2 B,LEDUC-WOODBEND,,19850610,1630,1629.81,19850622,TRI-CITY DRILLING INC.,16,,19911201,Abandoned Zone Crude Oil,367.4,371.3,PRIMARY,,1603,1587,1339,ELLERSLIE MBR,20817.55,D-2 B,,BWL,AB5,Calgary/Edmonton,0,22097.992,18232.275,,2898.7,3513.3,19850620,735,15.99,31.69,12.36,2.34,0.8,9.2,34.45,1.2,,0,0,,8843,14,11696,60,0115210,6,0,,424.6,14994.607,,0,13,CLASS G NEAT,Tonnes
100/16-08-049-25W4/00,DEVELOPMENT,Deviated,NISKU FM,LEDUC-WOODBEND D-2 B,LEDUC-WOODBEND,,19850610,1630,1629.81,19850622,TRI-CITY DRILLING INC.,16,,19911201,Abandoned Zone Crude Oil,367.4,371.3,PRIMARY,,1603,1587,1339,ELLERSLIE MBR,20817.55,D-2 B,,BWL,AB5,Calgary/Edmonton,0,22097.992,18232.275,,2898.7,3513.3,19850620,735,15.99,31.69,12.36,2.34,0.8,9.2,34.45,1.2,,0,0,,8843,14,11696,60,0115210,6,0,,424.6,14994.607,,0,21,1:1:4 POZ,Cubic metres
100/16-08-049-25W4/00,DEVELOPMENT,Deviated,NISKU FM,LEDUC-WOODBEND D-2 B,LEDUC-WOODBEND,,19850610,1630,1629.81,19850622,TRI-CITY DRILLING INC.,16,,19911201,Abandoned Zone Crude Oil,367.4,371.3,PRIMARY,,1603,1587,1339,ELLERSLIE MBR,20817.55,D-2 B,,BWL,AB5,Calgary/Edmonton,0,22097.992,18232.275,,2898.7,3513.3,19850620,735,15.99,31.69,12.36,2.34,0.8,9.2,34.45,1.2,,0,0,,8843,14,11696,60,0115210,6,0,,424.6,14994.607,,0,21,CLASS G NEAT,Cubic metres
102/13-10-048-27W4/00,DEVELOPMENT SERVICE,Vertical,LEDUC FM,WIZARD LAKE D-3 A,WIZARD LAKE,INJECTION,19860710,2149,0,19860806,ARROWSTAR DRILLING CORPORATION,92,20090701,,Abandoned Water Injection,317.78,480.1,SOLVENT FLOOD,Chemical,2148,2056,2022,LEDUC FM,0,D-3 A,,BWL,AB5,Calgary/Edmonton,0,0,0,20131122,0,0,19860804,792.3,,,,,,,,,,0,12865051,0,1075,87,15507,72,0123368,7,0,0,0,0,,80918736,33,CLASS G NEAT,Tonnes
102/13-10-048-27W4/00,DEVELOPMENT SERVICE,Vertical,LEDUC FM,WIZARD LAKE D-3 A,WIZARD LAKE,INJECTION,19860710,2149,0,19860806,ARROWSTAR DRILLING CORPORATION,92,20090701,,Abandoned Water Injection,317.78,480.1,SOLVENT FLOOD,Chemical,2148,2056,2022,LEDUC FM,0,D-3 A,,BWL,AB5,Calgary/Edmonton,0,0,0,20131122,0,0,19860804,792.3,,,,,,,,,,0,12865051,0,1075,87,15507,72,0123368,7,0,0,0,0,,80918736,28.6,1:1:4 POZ,Tonnes
102/13-10-048-27W4/00,DEVELOPMENT SERVICE,Vertical,LEDUC FM,WIZARD LAKE D-3 A,WIZARD LAKE,INJECTION,19860710,2149,0,19860806,ARROWSTAR DRILLING CORPORATION,92,20090701,,Abandoned Water Injection,317.78,480.1,SOLVENT FLOOD,Chemical,2148,2056,2022,LEDUC FM,0,D-3 A,,BWL,AB5,Calgary/Edmonton,0,0,0,20131122,0,0,19860804,792.3,,,,,,,,,,0,12865051,0,1075,87,15507,72,0123368,7,0,0,0,0,,80918736,33.7,G + 4 PC GEL,Tonnes
102/13-10-048-27W4/00,DEVELOPMENT SERVICE,Vertical,LEDUC FM,WIZARD LAKE D-3 A,WIZARD LAKE,INJECTION,19860710,2149,0,19860806,ARROWSTAR DRILLING CORPORATION,92,20090701,,Abandoned Water Injection,317.78,480.1,SOLVENT FLOOD,Chemical,2148,2056,2022,LEDUC FM,0,D-3 A,,BWL,AB5,Calgary/Edmonton,0,0,0,20131122,0,0,19860804,792.3,,,,,,,,,,0,12865051,0,1075,87,15507,72,0123368,7,0,0,0,0,,80918736,4,CLASS G NEAT,Cubic metres
102/09-30-049-25W4/04,DEVELOPMENT,Vertical,WABAMUN GRP,LEDUC-WOODBEND D-1 J,LEDUC-WOODBEND,,19861116,1440,0,19861130,TRI-CITY DRILLING INC.,21,,20100701,Abandoned Crude Oil,369.3,344.3,PRIMARY,,1391,1370.5,1364,WABAMUN GRP,163841.81,D-1 J,,BWL,AB5,Calgary/Edmonton,0,864389.2,36321.77,20220301,5774.7,137426.9,19861125,709.9,1654.7,14.06,21.11,45.22,0.18,89.9,299.35,7.98,,0,0,,16,28,10006,59,0124248,15,0,,20943.6,739616.25,,0,15,CLASS G NEAT,Tonnes
102/09-30-049-25W4/04,DEVELOPMENT,Vertical,WABAMUN GRP,LEDUC-WOODBEND D-1 J,LEDUC-WOODBEND,,19861116,1440,0,19861130,TRI-CITY DRILLING INC.,21,,20100701,Abandoned Crude Oil,369.3,344.3,PRIMARY,,1391,1370.5,1364,WABAMUN GRP,163841.81,D-1 J,,BWL,AB5,Calgary/Edmonton,0,864389.2,36321.77,20220301,5774.7,137426.9,19861125,709.9,1654.7,14.06,21.11,45.22,0.18,89.9,299.35,7.98,,0,0,,16,28,10006,59,0124248,15,0,,20943.6,739616.25,,0,24,1:1:4 POZ,Tonnes
102/09-30-049-25W4/04,DEVELOPMENT,Vertical,WABAMUN GRP,LEDUC-WOODBEND D-1 J,LEDUC-WOODBEND,,19861116,1440,0,19861130,TRI-CITY DRILLING INC.,21,,20100701,Abandoned Crude Oil,369.3,344.3,PRIMARY,,1391,1370.5,1364,WABAMUN GRP,163841.81,D-1 J,,BWL,AB5,Calgary/Edmonton,0,864389.2,36321.77,20220301,5774.7,137426.9,19861125,709.9,1654.7,14.06,21.11,45.22,0.18,89.9,299.35,7.98,,0,0,,16,28,10006,59,0124248,15,0,,20943.6,739616.25,,0,15,CLASS G NEAT,Tonnes
102/09-30-049-25W4/03,DEVELOPMENT,Vertical,WABAMUN GRP,LEDUC-WOODBEND COMMINGLED POOL 004,LEDUC-WOODBEND,,19861116,1440,0,19861130,TRI-CITY DRILLING INC.,15,,19970801,Abandoned Zone Gas,369.3,344.3,PRIMARY,,1099,1084.5,1364,WABAMUN GRP,140257.69,VIKING D,,BWL,AB5,Calgary/Edmonton,0,696.911,0,20220301,0,110.8,19861125,709.9,578.52,,1.36,124.48,,0.93,99.74,21.46,,0,0,,,,,,0124248,15,0,,23035.6,813494.56,,0,15,CLASS G NEAT,Tonnes
102/09-30-049-25W4/03,DEVELOPMENT,Vertical,WABAMUN GRP,LEDUC-WOODBEND COMMINGLED POOL 004,LEDUC-WOODBEND,,19861116,1440,0,19861130,TRI-CITY DRILLING INC.,15,,19970801,Abandoned Zone Gas,369.3,344.3,PRIMARY,,1099,1084.5,1364,WABAMUN GRP,140257.69,VIKING D,,BWL,AB5,Calgary/Edmonton,0,696.911,0,20220301,0,110.8,19861125,709.9,578.52,,1.36,124.48,,0.93,99.74,21.46,,0,0,,,,,,0124248,15,0,,23035.6,813494.56,,0,24,1:1:4 POZ,Tonnes
102/09-30-049-25W4/03,DEVELOPMENT,Vertical,WABAMUN GRP,LEDUC-WOODBEND COMMINGLED POOL 004,LEDUC-WOODBEND,,19861116,1440,0,19861130,TRI-CITY DRILLING INC.,15,,19970801,Abandoned Zone Gas,369.3,344.3,PRIMARY,,1099,1084.5,1364,WABAMUN GRP,140257.69,VIKING D,,BWL,AB5,Calgary/Edmonton,0,696.911,0,20220301,0,110.8,19861125,709.9,578.52,,1.36,124.48,,0.93,99.74,21.46,,0,0,,,,,,0124248,15,0,,23035.6,813494.56,,0,15,CLASS G NEAT,Tonnes
102/09-30-049-25W4/02,DEVELOPMENT,Vertical,WABAMUN GRP,LEDUC-WOODBEND BLAIRMORE OO,LEDUC-WOODBEND,,19861116,1440,0,19861130,TRI-CITY DRILLING INC.,5,,19890601,Abandoned Zone Gas,369.3,344.3,PRIMARY,,1315,1310.5,1364,WABAMUN GRP,92151.8,BLAIRMORE OO,,BWL,AB5,Calgary/Edmonton,0,477.39664,0,20220301,0,75.9,19861125,709.9,1062.86,,1.45,138.88,,0.1,183.25,23.94,,0,0,,,,,,0124248,15,0,,15134.8,534480.44,,0,15,CLASS G NEAT,Tonnes
102/09-30-049-25W4/02,DEVELOPMENT,Vertical,WABAMUN GRP,LEDUC-WOODBEND BLAIRMORE OO,LEDUC-WOODBEND,,19861116,1440,0,19861130,TRI-CITY DRILLING INC.,5,,19890601,Abandoned Zone Gas,369.3,344.3,PRIMARY,,1315,1310.5,1364,WABAMUN GRP,92151.8,BLAIRMORE OO,,BWL,AB5,Calgary/Edmonton,0,477.39664,0,20220301,0,75.9,19861125,709.9,1062.86,,1.45,138.88,,0.1,183.25,23.94,,0,0,,,,,,0124248,15,0,,15134.8,534480.44,,0,24,1:1:4 POZ,Tonnes
102/09-30-049-25W4/02,DEVELOPMENT,Vertical,WABAMUN GRP,LEDUC-WOODBEND BLAIRMORE OO,LEDUC-WOODBEND,,19861116,1440,0,19861130,TRI-CITY DRILLING INC.,5,,19890601,Abandoned Zone Gas,369.3,344.3,PRIMARY,,1315,1310.5,1364,WABAMUN GRP,92151.8,BLAIRMORE OO,,BWL,AB5,Calgary/Edmonton,0,477.39664,0,20220301,0,75.9,19861125,709.9,1062.86,,1.45,138.88,,0.1,183.25,23.94,,0,0,,,,,,0124248,15,0,,15134.8,534480.44,,0,15,CLASS G NEAT,Tonnes
102/09-30-049-25W4/00,DEVELOPMENT,Vertical,WABAMUN GRP,,LEDUC-WOODBEND,,19861116,1440,0,19861130,TRI-CITY DRILLING INC.,,,,Abandoned Zone,369.3,344.3,PRIMARY,,,,1364,WABAMUN GRP,,,,BWL,AB5,Calgary/Edmonton,,,,20220301,,,19861125,709.9,,,,,,,,,,,,,,,,,0124248,15,,,,,,,15,CLASS G NEAT,Tonnes
102/09-30-049-25W4/00,DEVELOPMENT,Vertical,WABAMUN GRP,,LEDUC-WOODBEND,,19861116,1440,0,19861130,TRI-CITY DRILLING INC.,,,,Abandoned Zone,369.3,344.3,PRIMARY,,,,1364,WABAMUN GRP,,,,BWL,AB5,Calgary/Edmonton,,,,20220301,,,19861125,709.9,,,,,,,,,,,,,,,,,0124248,15,,,,,,,24,1:1:4 POZ,Tonnes
102/09-30-049-25W4/00,DEVELOPMENT,Vertical,WABAMUN GRP,,LEDUC-WOODBEND,,19861116,1440,0,19861130,TRI-CITY DRILLING INC.,,,,Abandoned Zone,369.3,344.3,PRIMARY,,,,1364,WABAMUN GRP,,,,BWL,AB5,Calgary/Edmonton,,,,20220301,,,19861125,709.9,,,,,,,,,,,,,,,,,0124248,15,,,,,,,15,CLASS G NEAT,Tonnes
100/05-29-109-06W6/02,NEW POOL WILDCAT,Vertical,KEG RIVER FM,RAINBOW MUSKEG F,RAINBOW,,19880222,1733,0,19880310,SPARTAN DRILLING LTD,32,,19910301,Abandoned Crude Oil,276.86,174.8,PRIMARY,,1652,1620.5,1681.5,KEG RIVER FM,4249.8096,MUSKEG F,,BWL,AB7,High Level,0,16627.115,3614.7542,20001026,574.7,2643.5,19880306,447.7,55.03,31.69,70.57,6.76,12.49,59.33,41.18,13.66,,0,0,,867,9,15411,88,0132241,15,0,,104.3,3683.3198,,0,35,CLASS G NEAT,Tonnes
100/05-29-109-06W6/02,NEW POOL WILDCAT,Vertical,KEG RIVER FM,RAINBOW MUSKEG F,RAINBOW,,19880222,1733,0,19880310,SPARTAN DRILLING LTD,32,,19910301,Abandoned Crude Oil,276.86,174.8,PRIMARY,,1652,1620.5,1681.5,KEG RIVER FM,4249.8096,MUSKEG F,,BWL,AB7,High Level,0,16627.115,3614.7542,20001026,574.7,2643.5,19880306,447.7,55.03,31.69,70.57,6.76,12.49,59.33,41.18,13.66,,0,0,,867,9,15411,88,0132241,15,0,,104.3,3683.3198,,0,10,CLASS G NEAT,Tonnes
100/05-29-109-06W6/02,NEW POOL WILDCAT,Vertical,KEG RIVER FM,RAINBOW MUSKEG F,RAINBOW,,19880222,1733,0,19880310,SPARTAN DRILLING LTD,32,,19910301,Abandoned Crude Oil,276.86,174.8,PRIMARY,,1652,1620.5,1681.5,KEG RIVER FM,4249.8096,MUSKEG F,,BWL,AB7,High Level,0,16627.115,3614.7542,20001026,574.7,2643.5,19880306,447.7,55.03,31.69,70.57,6.76,12.49,59.33,41.18,13.66,,0,0,,867,9,15411,88,0132241,15,0,,104.3,3683.3198,,0,18,1:1:2 POZ,Tonnes
100/05-29-109-06W6/02,NEW POOL WILDCAT,Vertical,KEG RIVER FM,RAINBOW MUSKEG F,RAINBOW,,19880222,1733,0,19880310,SPARTAN DRILLING LTD,32,,19910301,Abandoned Crude Oil,276.86,174.8,PRIMARY,,1652,1620.5,1681.5,KEG RIVER FM,4249.8096,MUSKEG F,,BWL,AB7,High Level,0,16627.115,3614.7542,20001026,574.7,2643.5,19880306,447.7,55.03,31.69,70.57,6.76,12.49,59.33,41.18,13.66,,0,0,,867,9,15411,88,0132241,15,0,,104.3,3683.3198,,0,1,CLASS G NEAT,Tonnes
100/05-29-109-06W6/00,NEW POOL WILDCAT,Vertical,KEG RIVER FM,RAINBOW KEG RIVER G3G,RAINBOW,,19880222,1733,0,19880310,SPARTAN DRILLING LTD,5,,19930301,Abandoned Zone Crude Oil,276.86,174.8,PRIMARY,II,1689.5,1684.4,1681.5,KEG RIVER FM,31566.537,KEG RIVER G3G,,BWL,AB7,High Level,0,136382.6,27410.367,20001026,4357.9,21683.1,19880306,447.7,119.17,231.81,2.89,12.01,0.89,34.96,252.36,2.96,,0,0,,32,11,13977,97,0132241,15,0,,682.6,24105.791,,0,35,CLASS G NEAT,Tonnes
100/05-29-109-06W6/00,NEW POOL WILDCAT,Vertical,KEG RIVER FM,RAINBOW KEG RIVER G3G,RAINBOW,,19880222,1733,0,19880310,SPARTAN DRILLING LTD,5,,19930301,Abandoned Zone Crude Oil,276.86,174.8,PRIMARY,II,1689.5,1684.4,1681.5,KEG RIVER FM,31566.537,KEG RIVER G3G,,BWL,AB7,High Level,0,136382.6,27410.367,20001026,4357.9,21683.1,19880306,447.7,119.17,231.81,2.89,12.01,0.89,34.96,252.36,2.96,,0,0,,32,11,13977,97,0132241,15,0,,682.6,24105.791,,0,10,CLASS G NEAT,Tonnes
100/05-29-109-06W6/00,NEW POOL WILDCAT,Vertical,KEG RIVER FM,RAINBOW KEG RIVER G3G,RAINBOW,,19880222,1733,0,19880310,SPARTAN DRILLING LTD,5,,19930301,Abandoned Zone Crude Oil,276.86,174.8,PRIMARY,II,1689.5,1684.4,1681.5,KEG RIVER FM,31566.537,KEG RIVER G3G,,BWL,AB7,High Level,0,136382.6,27410.367,20001026,4357.9,21683.1,19880306,447.7,119.17,231.81,2.89,12.01,0.89,34.96,252.36,2.96,,0,0,,32,11,13977,97,0132241,15,0,,682.6,24105.791,,0,18,1:1:2 POZ,Tonnes
100/05-29-109-06W6/00,NEW POOL WILDCAT,Vertical,KEG RIVER FM,RAINBOW KEG RIVER G3G,RAINBOW,,19880222,1733,0,19880310,SPARTAN DRILLING LTD,5,,19930301,Abandoned Zone Crude Oil,276.86,174.8,PRIMARY,II,1689.5,1684.4,1681.5,KEG RIVER FM,31566.537,KEG RIVER G3G,,BWL,AB7,High Level,0,136382.6,27410.367,20001026,4357.9,21683.1,19880306,447.7,119.17,231.81,2.89,12.01,0.89,34.96,252.36,2.96,,0,0,,32,11,13977,97,0132241,15,0,,682.6,24105.791,,0,1,CLASS G NEAT,Tonnes
100/10-21-109-06W6/00,NEW POOL WILDCAT,Deviated,LOWER KEG RIVER,RAINBOW SULPHUR POINT R,RAINBOW,,19890316,1882,1881.28,19890406,GOLDEN PRAIRIE ENERGY LTD.,10,,19940101,Abandoned Crude Oil,420.94,48.3,PRIMARY,,1623,1613,1716.5,KEG RIVER FM,7950.6724,SULPHUR POINT R,,BWL,AB7,High Level,0,6290.44,1961.792,20030720,311.9,1000.1,19890403,463.6,8.18,16.41,46.42,1.84,10.94,16.12,17.82,11.26,,0,0,,8,6,13130,68,0138045,9,0,,983.6,34735.508,,0,40,CLASS G NEAT,Tonnes
100/10-21-109-06W6/00,NEW POOL WILDCAT,Deviated,LOWER KEG RIVER,RAINBOW SULPHUR POINT R,RAINBOW,,19890316,1882,1881.28,19890406,GOLDEN PRAIRIE ENERGY LTD.,10,,19940101,Abandoned Crude Oil,420.94,48.3,PRIMARY,,1623,1613,1716.5,KEG RIVER FM,7950.6724,SULPHUR POINT R,,BWL,AB7,High Level,0,6290.44,1961.792,20030720,311.9,1000.1,19890403,463.6,8.18,16.41,46.42,1.84,10.94,16.12,17.82,11.26,,0,0,,8,6,13130,68,0138045,9,0,,983.6,34735.508,,0,2.5,CLASS G NEAT,Cubic metres
100/10-21-109-06W6/00,NEW POOL WILDCAT,Deviated,LOWER KEG RIVER,RAINBOW SULPHUR POINT R,RAINBOW,,19890316,1882,1881.28,19890406,GOLDEN PRAIRIE ENERGY LTD.,10,,19940101,Abandoned Crude Oil,420.94,48.3,PRIMARY,,1623,1613,1716.5,KEG RIVER FM,7950.6724,SULPHUR POINT R,,BWL,AB7,High Level,0,6290.44,1961.792,20030720,311.9,1000.1,19890403,463.6,8.18,16.41,46.42,1.84,10.94,16.12,17.82,11.26,,0,0,,8,6,13130,68,0138045,9,0,,983.6,34735.508,,0,30,CLASS G NEAT,Tonnes
100/10-21-109-06W6/00,NEW POOL WILDCAT,Deviated,LOWER KEG RIVER,RAINBOW SULPHUR POINT R,RAINBOW,,19890316,1882,1881.28,19890406,GOLDEN PRAIRIE ENERGY LTD.,10,,19940101,Abandoned Crude Oil,420.94,48.3,PRIMARY,,1623,1613,1716.5,KEG RIVER FM,7950.6724,SULPHUR POINT R,,BWL,AB7,High Level,0,6290.44,1961.792,20030720,311.9,1000.1,19890403,463.6,8.18,16.41,46.42,1.84,10.94,16.12,17.82,11.26,,0,0,,8,6,13130,68,0138045,9,0,,983.6,34735.508,,0,40,1:1:2 POZ,Tonnes
100/12-02-052-17W5/02,NEW POOL WILDCAT,Deviated,CAMBRIAN SYSTEM,,EDSON,,19900723,3815,3602.82,19901211,AKITA DRILLING LTD,,,,Junked & Abandoned,206.24,784.9,PRIMARY,,,,,,,,,BWL,AB2,Drayton Valley/Grande Prairie,,,,19901211,,,19901129,983.7,,,,,,,,,,,,,,,,,0144648,,,,,,,,55,CLASS G NEAT,Tonnes
100/12-02-052-17W5/02,NEW POOL WILDCAT,Deviated,CAMBRIAN SYSTEM,,EDSON,,19900723,3815,3602.82,19901211,AKITA DRILLING LTD,,,,Junked & Abandoned,206.24,784.9,PRIMARY,,,,,,,,,BWL,AB2,Drayton Valley/Grande Prairie,,,,19901211,,,19901129,983.7,,,,,,,,,,,,,,,,,0144648,,,,,,,,30,1:1:4 POZ,Tonnes
100/09-03-052-17W5/00,NEW POOL WILDCAT,Deviated,CAMBRIAN SYSTEM,,EDSON,,19900723,3898,3892.23,19901211,AKITA DRILLING LTD,,,,Abandoned & Whipstocked,206.24,784.9,PRIMARY,,,,3869,LYNX GROUP,,,,BWL,AB2,Drayton Valley/Grande Prairie,,,,19901211,,,19901009,983.7,,,,,,,,,,,,,,,,,0144648,,,,,,,,55,CLASS G NEAT,Tonnes
100/09-03-052-17W5/00,NEW POOL WILDCAT,Deviated,CAMBRIAN SYSTEM,,EDSON,,19900723,3898,3892.23,19901211,AKITA DRILLING LTD,,,,Abandoned & Whipstocked,206.24,784.9,PRIMARY,,,,3869,LYNX GROUP,,,,BWL,AB2,Drayton Valley/Grande Prairie,,,,19901211,,,19901009,983.7,,,,,,,,,,,,,,,,,0144648,,,,,,,,30,1:1:4 POZ,Tonnes
100/14-28-055-22W5/02,NEW POOL WILDCAT,Vertical,IRETON FM,,WILD RIVER,,19940315,3898,0,19940604,KENTING HI-TOWER DRILLING,,,,Abandoned Zone,293.09,748.7,PRIMARY,,,,3875,IRETON FM,,,YES,BWL,AB2,Drayton Valley/Grande Prairie,,,,20110705,,,19940601,1034,,,,,,,,,,,,,,,,,0165230,7,,,,,,,59,CLASS G NEAT,Tonnes
100/14-28-055-22W5/02,NEW POOL WILDCAT,Vertical,IRETON FM,,WILD RIVER,,19940315,3898,0,19940604,KENTING HI-TOWER DRILLING,,,,Abandoned Zone,293.09,748.7,PRIMARY,,,,3875,IRETON FM,,,YES,BWL,AB2,Drayton Valley/Grande Prairie,,,,20110705,,,19940601,1034,,,,,,,,,,,,,,,,,0165230,7,,,,,,,33,CLASS G NEAT,Tonnes
100/14-28-055-22W5/02,NEW POOL WILDCAT,Vertical,IRETON FM,,WILD RIVER,,19940315,3898,0,19940604,KENTING HI-TOWER DRILLING,,,,Abandoned Zone,293.09,748.7,PRIMARY,,,,3875,IRETON FM,,,YES,BWL,AB2,Drayton Valley/Grande Prairie,,,,20110705,,,19940601,1034,,,,,,,,,,,,,,,,,0165230,7,,,,,,,26,LIGHT WEIGHT,Tonnes
100/14-28-055-22W5/02,NEW POOL WILDCAT,Vertical,IRETON FM,,WILD RIVER,,19940315,3898,0,19940604,KENTING HI-TOWER DRILLING,,,,Abandoned Zone,293.09,748.7,PRIMARY,,,,3875,IRETON FM,,,YES,BWL,AB2,Drayton Valley/Grande Prairie,,,,20110705,,,19940601,1034,,,,,,,,,,,,,,,,,0165230,7,,,,,,,13,,Tonnes
100/14-28-055-22W5/03,NEW POOL WILDCAT,Vertical,IRETON FM,,WILD RIVER,,19940315,3898,0,19940604,KENTING HI-TOWER DRILLING,,,,Abandoned,293.09,748.7,PRIMARY,,,,3875,IRETON FM,,,YES,BWL,AB2,Drayton Valley/Grande Prairie,,,,20110705,,,19940601,1034,,,,,,,,,,,,,,,,,0165230,7,,,,,,,59,CLASS G NEAT,Tonnes
100/14-28-055-22W5/03,NEW POOL WILDCAT,Vertical,IRETON FM,,WILD RIVER,,19940315,3898,0,19940604,KENTING HI-TOWER DRILLING,,,,Abandoned,293.09,748.7,PRIMARY,,,,3875,IRETON FM,,,YES,BWL,AB2,Drayton Valley/Grande Prairie,,,,20110705,,,19940601,1034,,,,,,,,,,,,,,,,,0165230,7,,,,,,,33,CLASS G NEAT,Tonnes
100/14-28-055-22W5/03,NEW POOL WILDCAT,Vertical,IRETON FM,,WILD RIVER,,19940315,3898,0,19940604,KENTING HI-TOWER DRILLING,,,,Abandoned,293.09,748.7,PRIMARY,,,,3875,IRETON FM,,,YES,BWL,AB2,Drayton Valley/Grande Prairie,,,,20110705,,,19940601,1034,,,,,,,,,,,,,,,,,0165230,7,,,,,,,26,LIGHT WEIGHT,Tonnes
100/14-28-055-22W5/03,NEW POOL WILDCAT,Vertical,IRETON FM,,WILD RIVER,,19940315,3898,0,19940604,KENTING HI-TOWER DRILLING,,,,Abandoned,293.09,748.7,PRIMARY,,,,3875,IRETON FM,,,YES,BWL,AB2,Drayton Valley/Grande Prairie,,,,20110705,,,19940601,1034,,,,,,,,,,,,,,,,,0165230,7,,,,,,,13,,Tonnes
100/14-28-055-22W5/00,NEW POOL WILDCAT,Vertical,IRETON FM,,WILD RIVER,,19940315,3898,0,19940604,KENTING HI-TOWER DRILLING,,,,Abandoned Zone,293.09,748.7,PRIMARY,,,,3875,IRETON FM,,,YES,BWL,AB2,Drayton Valley/Grande Prairie,,,,20110705,,,19940601,1034,,,,,,,,,,,,,,,,,0165230,7,,,,,,,59,CLASS G NEAT,Tonnes
100/14-28-055-22W5/00,NEW POOL WILDCAT,Vertical,IRETON FM,,WILD RIVER,,19940315,3898,0,19940604,KENTING HI-TOWER DRILLING,,,,Abandoned Zone,293.09,748.7,PRIMARY,,,,3875,IRETON FM,,,YES,BWL,AB2,Drayton Valley/Grande Prairie,,,,20110705,,,19940601,1034,,,,,,,,,,,,,,,,,0165230,7,,,,,,,33,CLASS G NEAT,Tonnes
100/14-28-055-22W5/00,NEW POOL WILDCAT,Vertical,IRETON FM,,WILD RIVER,,19940315,3898,0,19940604,KENTING HI-TOWER DRILLING,,,,Abandoned Zone,293.09,748.7,PRIMARY,,,,3875,IRETON FM,,,YES,BWL,AB2,Drayton Valley/Grande Prairie,,,,20110705,,,19940601,1034,,,,,,,,,,,,,,,,,0165230,7,,,,,,,26,LIGHT WEIGHT,Tonnes
100/14-28-055-22W5/00,NEW POOL WILDCAT,Vertical,IRETON FM,,WILD RIVER,,19940315,3898,0,19940604,KENTING HI-TOWER DRILLING,,,,Abandoned Zone,293.09,748.7,PRIMARY,,,,3875,IRETON FM,,,YES,BWL,AB2,Drayton Valley/Grande Prairie,,,,20110705,,,19940601,1034,,,,,,,,,,,,,,,,,0165230,7,,,,,,,13,,Tonnes
100/15-28-053-02W5/00,NEW POOL WILDCAT,Vertical,BANFF FM,CARVEL ELLERSLIE B,CARVEL,,19940506,1440,0,19940514,PRECISION DRILLING CORPORATION,7,,20160301,Abandoned Zone Gas,58.9,726.8,PRIMARY,,1419,1412,1422,BANFF FM,619934.7,ELLERSLIE B,,BWL,AB5,Calgary/Edmonton,0,195993.66,0,20220306,0,31160.5,19940510,780.7,3055.65,,6.08,218.6,,15.59,528.29,38.47,0.78,505.70078,0,,,,,,0166532,2,80.4,,101733.6,3592688.2,1.45,0,18,CLASS G NEAT,Tonnes
100/15-28-053-02W5/00,NEW POOL WILDCAT,Vertical,BANFF FM,CARVEL ELLERSLIE B,CARVEL,,19940506,1440,0,19940514,PRECISION DRILLING CORPORATION,7,,20160301,Abandoned Zone Gas,58.9,726.8,PRIMARY,,1419,1412,1422,BANFF FM,619934.7,ELLERSLIE B,,BWL,AB5,Calgary/Edmonton,0,195993.66,0,20220306,0,31160.5,19940510,780.7,3055.65,,6.08,218.6,,15.59,528.29,38.47,0.78,505.70078,0,,,,,,0166532,2,80.4,,101733.6,3592688.2,1.45,0,22,1:1:2 POZ,Tonnes
100/15-28-053-02W5/00,NEW POOL WILDCAT,Vertical,BANFF FM,CARVEL ELLERSLIE B,CARVEL,,19940506,1440,0,19940514,PRECISION DRILLING CORPORATION,7,,20160301,Abandoned Zone Gas,58.9,726.8,PRIMARY,,1419,1412,1422,BANFF FM,619934.7,ELLERSLIE B,,BWL,AB5,Calgary/Edmonton,0,195993.66,0,20220306,0,31160.5,19940510,780.7,3055.65,,6.08,218.6,,15.59,528.29,38.47,0.78,505.70078,0,,,,,,0166532,2,80.4,,101733.6,3592688.2,1.45,0,9,CLASS G NEAT,Tonnes
100/15-28-053-02W5/02,NEW POOL WILDCAT,Vertical,BANFF FM,CARVEL OSTRACOD A,CARVEL,,19940506,1440,0,19940514,PRECISION DRILLING CORPORATION,2,,20030801,Abandoned Gas,58.9,726.8,PRIMARY,,1402,1400.5,1422,BANFF FM,38724.97,OSTRACOD A,,BWL,AB5,Calgary/Edmonton,0,125.79622,0,20220306,0,20,19940510,780.7,810.09,,1.41,5.6,,4.19,139.67,0.97,,0,0,,,,,,0166532,2,0,,6360.1,224604.81,,0,18,CLASS G NEAT,Tonnes
100/15-28-053-02W5/02,NEW POOL WILDCAT,Vertical,BANFF FM,CARVEL OSTRACOD A,CARVEL,,19940506,1440,0,19940514,PRECISION DRILLING CORPORATION,2,,20030801,Abandoned Gas,58.9,726.8,PRIMARY,,1402,1400.5,1422,BANFF FM,38724.97,OSTRACOD A,,BWL,AB5,Calgary/Edmonton,0,125.79622,0,20220306,0,20,19940510,780.7,810.09,,1.41,5.6,,4.19,139.67,0.97,,0,0,,,,,,0166532,2,0,,6360.1,224604.81,,0,22,1:1:2 POZ,Tonnes
100/15-28-053-02W5/02,NEW POOL WILDCAT,Vertical,BANFF FM,CARVEL OSTRACOD A,CARVEL,,19940506,1440,0,19940514,PRECISION DRILLING CORPORATION,2,,20030801,Abandoned Gas,58.9,726.8,PRIMARY,,1402,1400.5,1422,BANFF FM,38724.97,OSTRACOD A,,BWL,AB5,Calgary/Edmonton,0,125.79622,0,20220306,0,20,19940510,780.7,810.09,,1.41,5.6,,4.19,139.67,0.97,,0,0,,,,,,0166532,2,0,,6360.1,224604.81,,0,9,CLASS G NEAT,Tonnes
102/10-14-049-27W4/00,DEEPER-POOLTEST,Vertical,WABAMUN GRP,,LEDUC-WOODBEND,,19960317,1515,0,19960326,KINNELL DRILLING LTD.,19,,19970101,Abandoned Zone Gas,336.79,403.7,PRIMARY,,1409.1,1390.5,1456,WABAMUN GRP,194.83954,,YES,BWL,AB5,Calgary/Edmonton,0,28.304148,0,,0,4.5,19960323,737.5,280.89,,32.47,12.15,,0.46,48.43,2.09,,0,0,,,,,,0186812,5,0,,32,1130.0693,,0,16.4,CLASS G NEAT,Tonnes
102/10-14-049-27W4/00,DEEPER-POOLTEST,Vertical,WABAMUN GRP,,LEDUC-WOODBEND,,19960317,1515,0,19960326,KINNELL DRILLING LTD.,19,,19970101,Abandoned Zone Gas,336.79,403.7,PRIMARY,,1409.1,1390.5,1456,WABAMUN GRP,194.83954,,YES,BWL,AB5,Calgary/Edmonton,0,28.304148,0,,0,4.5,19960323,737.5,280.89,,32.47,12.15,,0.46,48.43,2.09,,0,0,,,,,,0186812,5,0,,32,1130.0693,,0,14.4,CLASS A NEAT,Tonnes
102/10-14-049-27W4/00,DEEPER-POOLTEST,Vertical,WABAMUN GRP,,LEDUC-WOODBEND,,19960317,1515,0,19960326,KINNELL DRILLING LTD.,19,,19970101,Abandoned Zone Gas,336.79,403.7,PRIMARY,,1409.1,1390.5,1456,WABAMUN GRP,194.83954,,YES,BWL,AB5,Calgary/Edmonton,0,28.304148,0,,0,4.5,19960323,737.5,280.89,,32.47,12.15,,0.46,48.43,2.09,,0,0,,,,,,0186812,5,0,,32,1130.0693,,0,10,CLASS G NEAT,Tonnes
102/03-17-049-25W4/00,DEVELOPMENT,Vertical,ELLERSLIE MBR,LEDUC-WOODBEND GLAUCONITIC G,LEDUC-WOODBEND,,19961008,1389,0,19961015,ENSIGN DRILLING INC.,7,,20010901,Abandoned Gas,370.62,361.8,PRIMARY,,1319,1312.2,1333.5,ELLERSLIE MBR,12677.232,GLAUCONITIC G,,BWL,AB5,Calgary/Edmonton,0,36231.824,1634.0929,20220228,259.8,5760.4,19961013,728.1,927.38,15.76,19.89,3.88,0.94,123.65,175.65,1.61,,0,0,,,,,,0191559,3,0,,1813.7,64050.21,,0,16.2,CLASS G NEAT,Tonnes
102/03-17-049-25W4/00,DEVELOPMENT,Vertical,ELLERSLIE MBR,LEDUC-WOODBEND GLAUCONITIC G,LEDUC-WOODBEND,,19961008,1389,0,19961015,ENSIGN DRILLING INC.,7,,20010901,Abandoned Gas,370.62,361.8,PRIMARY,,1319,1312.2,1333.5,ELLERSLIE MBR,12677.232,GLAUCONITIC G,,BWL,AB5,Calgary/Edmonton,0,36231.824,1634.0929,20220228,259.8,5760.4,19961013,728.1,927.38,15.76,19.89,3.88,0.94,123.65,175.65,1.61,,0,0,,,,,,0191559,3,0,,1813.7,64050.21,,0,13.8,LIGHT WEIGHT,Tonnes
102/03-17-049-25W4/00,DEVELOPMENT,Vertical,ELLERSLIE MBR,LEDUC-WOODBEND GLAUCONITIC G,LEDUC-WOODBEND,,19961008,1389,0,19961015,ENSIGN DRILLING INC.,7,,20010901,Abandoned Gas,370.62,361.8,PRIMARY,,1319,1312.2,1333.5,ELLERSLIE MBR,12677.232,GLAUCONITIC G,,BWL,AB5,Calgary/Edmonton,0,36231.824,1634.0929,20220228,259.8,5760.4,19961013,728.1,927.38,15.76,19.89,3.88,0.94,123.65,175.65,1.61,,0,0,,,,,,0191559,3,0,,1813.7,64050.21,,0,6.8,CLASS G NEAT,Tonnes
103/16-10-049-27W4/00,DEVELOPMENT,Vertical,ELLERSLIE MBR,GLEN PARK ELLERSLIE C,GLEN PARK,,19961219,1475,0,19970205,TRI-CITY DRILLING INC.,5,,19981001,Suspended Gas,321.83,425,PRIMARY,II,1447.5,1442.5,,,25455.506,ELLERSLIE C,YES,BWL,AB5,Calgary/Edmonton,0,344.68164,0,,0,54.8,19970103,743.4,954.74,,1.67,12.74,,2.24,181.04,14.94,12.74,2562.469,0,,,,,,0194546,5,407.4,,3759.9,132779.61,16.43,0,17,CLASS G NEAT,Tonnes
103/16-10-049-27W4/00,DEVELOPMENT,Vertical,ELLERSLIE MBR,GLEN PARK ELLERSLIE C,GLEN PARK,,19961219,1475,0,19970205,TRI-CITY DRILLING INC.,5,,19981001,Suspended Gas,321.83,425,PRIMARY,II,1447.5,1442.5,,,25455.506,ELLERSLIE C,YES,BWL,AB5,Calgary/Edmonton,0,344.68164,0,,0,54.8,19970103,743.4,954.74,,1.67,12.74,,2.24,181.04,14.94,12.74,2562.469,0,,,,,,0194546,5,407.4,,3759.9,132779.61,16.43,0,10.6,LIGHT WEIGHT,Tonnes
103/16-10-049-27W4/00,DEVELOPMENT,Vertical,ELLERSLIE MBR,GLEN PARK ELLERSLIE C,GLEN PARK,,19961219,1475,0,19970205,TRI-CITY DRILLING INC.,5,,19981001,Suspended Gas,321.83,425,PRIMARY,II,1447.5,1442.5,,,25455.506,ELLERSLIE C,YES,BWL,AB5,Calgary/Edmonton,0,344.68164,0,,0,54.8,19970103,743.4,954.74,,1.67,12.74,,2.24,181.04,14.94,12.74,2562.469,0,,,,,,0194546,5,407.4,,3759.9,132779.61,16.43,0,7.5,CLASS G NEAT,Tonnes
103/16-10-049-27W4/02,DEVELOPMENT,Vertical,ELLERSLIE MBR,GLEN PARK ELLERSLIE E,GLEN PARK,,19961219,1475,0,19970205,TRI-CITY DRILLING INC.,5,,20040901,Suspended Gas,321.83,425,PRIMARY,,1415.5,1411,,,10590.12,ELLERSLIE E,YES,BWL,AB5,Calgary/Edmonton,0,2934.8257,0,,0,466.6,19970103,743.4,341.55,,2.87,23.95,,13.95,60.7,7.98,3.85,399.40298,0,,,,,,0194546,5,63.5,,1673.7,59106.156,1.81,0,17,CLASS G NEAT,Tonnes
103/16-10-049-27W4/02,DEVELOPMENT,Vertical,ELLERSLIE MBR,GLEN PARK ELLERSLIE E,GLEN PARK,,19961219,1475,0,19970205,TRI-CITY DRILLING INC.,5,,20040901,Suspended Gas,321.83,425,PRIMARY,,1415.5,1411,,,10590.12,ELLERSLIE E,YES,BWL,AB5,Calgary/Edmonton,0,2934.8257,0,,0,466.6,19970103,743.4,341.55,,2.87,23.95,,13.95,60.7,7.98,3.85,399.40298,0,,,,,,0194546,5,63.5,,1673.7,59106.156,1.81,0,10.6,LIGHT WEIGHT,Tonnes
103/16-10-049-27W4/02,DEVELOPMENT,Vertical,ELLERSLIE MBR,GLEN PARK ELLERSLIE E,GLEN PARK,,19961219,1475,0,19970205,TRI-CITY DRILLING INC.,5,,20040901,Suspended Gas,321.83,425,PRIMARY,,1415.5,1411,,,10590.12,ELLERSLIE E,YES,BWL,AB5,Calgary/Edmonton,0,2934.8257,0,,0,466.6,19970103,743.4,341.55,,2.87,23.95,,13.95,60.7,7.98,3.85,399.40298,0,,,,,,0194546,5,63.5,,1673.7,59106.156,1.81,0,7.5,CLASS G NEAT,Tonnes
102/09-20-052-03W5/00,NEW POOL WILDCAT,Vertical,BANFF FM,HIGHVALE COMMINGLED POOL 005,HIGHVALE,,19970604,1485,0,19970614,ENSIGN DRILLING INC.,9,,20180101,Abandoned Gas,-4.05,729.3,PRIMARY,,696.5,688,1428.5,BANFF FM,55339.95,BELLY RIVER N,YES,BWL,AB5,Calgary/Edmonton,0,301.28192,0,20210826,0,47.9,19970609,720.9,205.72,,0.3,16.01,,0.12,35.48,2.8,0.04,1.2579621,0,,,,,,0200665,5,0.2,,9088.7,320964.4,0.01,0,29,CLASS G NEAT,Tonnes
102/09-20-052-03W5/00,NEW POOL WILDCAT,Vertical,BANFF FM,HIGHVALE COMMINGLED POOL 005,HIGHVALE,,19970604,1485,0,19970614,ENSIGN DRILLING INC.,9,,20180101,Abandoned Gas,-4.05,729.3,PRIMARY,,696.5,688,1428.5,BANFF FM,55339.95,BELLY RIVER N,YES,BWL,AB5,Calgary/Edmonton,0,301.28192,0,20210826,0,47.9,19970609,720.9,205.72,,0.3,16.01,,0.12,35.48,2.8,0.04,1.2579621,0,,,,,,0200665,5,0.2,,9088.7,320964.4,0.01,0,35,CLASS G NEAT,Tonnes
103/05-20-049-25W4/02,DEVELOPMENT,Deviated,ELLERSLIE MBR,,LEDUC-WOODBEND,,19970809,1525,1368.5,19970818,ENSIGN DRILLING INC.,,,,Abandoned,372.33,347.7,PRIMARY,,,,,,,,,BWL,AB5,Calgary/Edmonton,,,,20061101,,,19970815,716,,,,,,,,,,,,,,,,,0204486,2,,,,,,,14,CLASS A NEAT,Tonnes
103/05-20-049-25W4/02,DEVELOPMENT,Deviated,ELLERSLIE MBR,,LEDUC-WOODBEND,,19970809,1525,1368.5,19970818,ENSIGN DRILLING INC.,,,,Abandoned,372.33,347.7,PRIMARY,,,,,,,,,BWL,AB5,Calgary/Edmonton,,,,20061101,,,19970815,716,,,,,,,,,,,,,,,,,0204486,2,,,,,,,17.4,CLASS A NEAT,Tonnes
103/05-20-049-25W4/02,DEVELOPMENT,Deviated,ELLERSLIE MBR,,LEDUC-WOODBEND,,19970809,1525,1368.5,19970818,ENSIGN DRILLING INC.,,,,Abandoned,372.33,347.7,PRIMARY,,,,,,,,,BWL,AB5,Calgary/Edmonton,,,,20061101,,,19970815,716,,,,,,,,,,,,,,,,,0204486,2,,,,,,,6.5,CLASS G NEAT,Tonnes
103/05-20-049-25W4/00,DEVELOPMENT,Deviated,ELLERSLIE MBR,LEDUC-WOODBEND BLAIRMORE II,LEDUC-WOODBEND,,19970809,1525,1368.5,19970818,ENSIGN DRILLING INC.,32,,19980901,Abandoned Zone Crude Oil,372.33,347.7,PRIMARY,,1466.5,1435,,,3816.8127,BLAIRMORE II,,BWL,AB5,Calgary/Edmonton,0,5129.9697,3364.4197,20061101,534.9,815.6,19970815,716,34.64,32.05,17.15,6.3,2.29,13.58,38.02,3.38,,0,0,,,,,,0204486,2,0,,74.3,2623.8796,,0,14,CLASS A NEAT,Tonnes
103/05-20-049-25W4/00,DEVELOPMENT,Deviated,ELLERSLIE MBR,LEDUC-WOODBEND BLAIRMORE II,LEDUC-WOODBEND,,19970809,1525,1368.5,19970818,ENSIGN DRILLING INC.,32,,19980901,Abandoned Zone Crude Oil,372.33,347.7,PRIMARY,,1466.5,1435,,,3816.8127,BLAIRMORE II,,BWL,AB5,Calgary/Edmonton,0,5129.9697,3364.4197,20061101,534.9,815.6,19970815,716,34.64,32.05,17.15,6.3,2.29,13.58,38.02,3.38,,0,0,,,,,,0204486,2,0,,74.3,2623.8796,,0,17.4,CLASS A NEAT,Tonnes
103/05-20-049-25W4/00,DEVELOPMENT,Deviated,ELLERSLIE MBR,LEDUC-WOODBEND BLAIRMORE II,LEDUC-WOODBEND,,19970809,1525,1368.5,19970818,ENSIGN DRILLING INC.,32,,19980901,Abandoned Zone Crude Oil,372.33,347.7,PRIMARY,,1466.5,1435,,,3816.8127,BLAIRMORE II,,BWL,AB5,Calgary/Edmonton,0,5129.9697,3364.4197,20061101,534.9,815.6,19970815,716,34.64,32.05,17.15,6.3,2.29,13.58,38.02,3.38,,0,0,,,,,,0204486,2,0,,74.3,2623.8796,,0,6.5,CLASS G NEAT,Tonnes
103/10-21-050-26W4/00,DEVELOPMENT,Vertical,WABAMUN-GRAMINIA,LEDUC-WOODBEND BLAIRMORE Q,LEDUC-WOODBEND,,19971122,1370,0,19971128,TRI-CITY DRILLING INC.,4,,20060101,Abandoned Gas,360.34,352.7,PRIMARY,,1294.5,1290.5,1276.5,ELLERSLIE MBR,407029.53,BLAIRMORE Q,,BWL,AB5,Calgary/Edmonton,0,2632.286,0,20181203,0,418.5,19971127,709,1363.55,,29.89,176.92,,28.61,235.09,30.5,,0,0,,112,3,9635,54,0208718,5,0,,66849.6,2360771.2,,0,5.8,CLASS G NEAT,Tonnes
100/12-17-050-26W4/03,RE-ENTRY,Vertical,LEDUC FM,LEDUC-WOODBEND D-3 A,LEDUC-WOODBEND,,20021120,1633.7,0,20021203,BONUS WELL SERVICING PARTNERSHIP,2,,20100601,Abandoned Crude Oil,346.2,377.1,WATER FLOOD,Waterflood,1627,1625.5,,,20878.795,D-3 A,,BWL,AB5,Calgary/Edmonton,0,556301.7,18738.604,20101105,2979.2,88444.9,20021128,718.1,5.34,11.62,308.34,5.99,3.89,171.25,12.54,4.92,,0,0,,,8,,,0210957,1,0,,351.5,12413.105,,0,100,CLASS G NEAT,Slacks
100/12-17-050-26W4/03,RE-ENTRY,Vertical,LEDUC FM,LEDUC-WOODBEND D-3 A,LEDUC-WOODBEND,,20021120,1633.7,0,20021203,BONUS WELL SERVICING PARTNERSHIP,2,,20100601,Abandoned Crude Oil,346.2,377.1,WATER FLOOD,Waterflood,1627,1625.5,,,20878.795,D-3 A,,BWL,AB5,Calgary/Edmonton,0,556301.7,18738.604,20101105,2979.2,88444.9,20021128,718.1,5.34,11.62,308.34,5.99,3.89,171.25,12.54,4.92,,0,0,,,8,,,0210957,1,0,,351.5,12413.105,,0,200,CLASS G NEAT,Slacks
100/12-17-050-26W4/03,RE-ENTRY,Vertical,LEDUC FM,LEDUC-WOODBEND D-3 A,LEDUC-WOODBEND,,20021120,1633.7,0,20021203,BONUS WELL SERVICING PARTNERSHIP,2,,20100601,Abandoned Crude Oil,346.2,377.1,WATER FLOOD,Waterflood,1627,1625.5,,,20878.795,D-3 A,,BWL,AB5,Calgary/Edmonton,0,556301.7,18738.604,20101105,2979.2,88444.9,20021128,718.1,5.34,11.62,308.34,5.99,3.89,171.25,12.54,4.92,,0,0,,,8,,,0210957,1,0,,351.5,12413.105,,0,75,CLASS G NEAT,Slacks
102/12-28-050-26W4/00,DEVELOPMENT,Vertical,LEDUC FM,LEDUC-WOODBEND D-3 A,LEDUC-WOODBEND,,19980312,1625,0,19980324,AKITA DRILLING LTD,1,,20080601,Abandoned Crude Oil,359.79,349.6,WATER FLOOD,Waterflood,1600,1599,,,67483.914,D-3 A,,BWL,AB5,Calgary/Edmonton,0,3517313.2,55520.16,20201030,8827,559208.1,19980321,705.9,71.71,77.94,118.07,21.85,7.29,1094.74,90.3,11.06,,0,0,,,8,,,0214132,1,0,,1964.9,69389.79,,0,15.3,,Cubic metres
102/12-28-050-26W4/00,DEVELOPMENT,Vertical,LEDUC FM,LEDUC-WOODBEND D-3 A,LEDUC-WOODBEND,,19980312,1625,0,19980324,AKITA DRILLING LTD,1,,20080601,Abandoned Crude Oil,359.79,349.6,WATER FLOOD,Waterflood,1600,1599,,,67483.914,D-3 A,,BWL,AB5,Calgary/Edmonton,0,3517313.2,55520.16,20201030,8827,559208.1,19980321,705.9,71.71,77.94,118.07,21.85,7.29,1094.74,90.3,11.06,,0,0,,,8,,,0214132,1,0,,1964.9,69389.79,,0,6.5,,Cubic metres
104/10-21-050-26W4/00,DEVELOPMENT,Horizontal,WABAMUN GRP,LEDUC-WOODBEND D-1 A,LEDUC-WOODBEND,,19980430,1904,1363.22,19980513,AKITA DRILLING LTD,451,,19990601,Abandoned Crude Oil,357.88,362.1,PRIMARY,,1904,1453,,,22213.031,D-1 A,,BWL,AB5,Calgary/Edmonton,0,4227.382,8802.59,20220309,1399.5,672.1,19980512,715.4,958.89,79.41,7.69,38.46,2.24,3.53,244.74,8.87,,0,0,,1082,5,9624,58,0214845,,0,,2202.5,77780.555,,0,18,CLASS G NEAT,Tonnes
104/10-21-050-26W4/00,DEVELOPMENT,Horizontal,WABAMUN GRP,LEDUC-WOODBEND D-1 A,LEDUC-WOODBEND,,19980430,1904,1363.22,19980513,AKITA DRILLING LTD,451,,19990601,Abandoned Crude Oil,357.88,362.1,PRIMARY,,1904,1453,,,22213.031,D-1 A,,BWL,AB5,Calgary/Edmonton,0,4227.382,8802.59,20220309,1399.5,672.1,19980512,715.4,958.89,79.41,7.69,38.46,2.24,3.53,244.74,8.87,,0,0,,1082,5,9624,58,0214845,,0,,2202.5,77780.555,,0,14.6,LIGHT WEIGHT,Tonnes
104/10-21-050-26W4/00,DEVELOPMENT,Horizontal,WABAMUN GRP,LEDUC-WOODBEND D-1 A,LEDUC-WOODBEND,,19980430,1904,1363.22,19980513,AKITA DRILLING LTD,451,,19990601,Abandoned Crude Oil,357.88,362.1,PRIMARY,,1904,1453,,,22213.031,D-1 A,,BWL,AB5,Calgary/Edmonton,0,4227.382,8802.59,20220309,1399.5,672.1,19980512,715.4,958.89,79.41,7.69,38.46,2.24,3.53,244.74,8.87,,0,0,,1082,5,9624,58,0214845,,0,,2202.5,77780.555,,0,10,CLASS G NEAT,Tonnes
103/02-16-050-26W4/00,DEVELOPMENT,Horizontal,WABAMUN GRP,LEDUC-WOODBEND D-1 A,LEDUC-WOODBEND,,19980619,2005,1386.27,19980630,CAYMAN VENTURES LTD.,536,,20021201,Suspended Crude Oil,351,376.6,PRIMARY,,2005,1469,,,21997.805,D-1 A,,BWL,AB5,Calgary/Edmonton,0,8712.017,12564.526,,1997.6,1385.1,19980629,722.9,487.31,32.93,75.18,2.5,1.83,0.7,116.95,2.26,,0,0,,1082,5,9624,58,0215938,,0,,1549.3,54713.01,,0,18,CLASS G NEAT,Tonnes
103/02-16-050-26W4/00,DEVELOPMENT,Horizontal,WABAMUN GRP,LEDUC-WOODBEND D-1 A,LEDUC-WOODBEND,,19980619,2005,1386.27,19980630,CAYMAN VENTURES LTD.,536,,20021201,Suspended Crude Oil,351,376.6,PRIMARY,,2005,1469,,,21997.805,D-1 A,,BWL,AB5,Calgary/Edmonton,0,8712.017,12564.526,,1997.6,1385.1,19980629,722.9,487.31,32.93,75.18,2.5,1.83,0.7,116.95,2.26,,0,0,,1082,5,9624,58,0215938,,0,,1549.3,54713.01,,0,17,LIGHT WEIGHT,Tonnes
103/02-16-050-26W4/00,DEVELOPMENT,Horizontal,WABAMUN GRP,LEDUC-WOODBEND D-1 A,LEDUC-WOODBEND,,19980619,2005,1386.27,19980630,CAYMAN VENTURES LTD.,536,,20021201,Suspended Crude Oil,351,376.6,PRIMARY,,2005,1469,,,21997.805,D-1 A,,BWL,AB5,Calgary/Edmonton,0,8712.017,12564.526,,1997.6,1385.1,19980629,722.9,487.31,32.93,75.18,2.5,1.83,0.7,116.95,2.26,,0,0,,1082,5,9624,58,0215938,,0,,1549.3,54713.01,,0,7.5,CLASS G NEAT,Tonnes
104/13-15-050-26W4/00,DEVELOPMENT,Deviated,UPPER MANNVILLE FM,LEDUC-WOODBEND UPPER MANNVILLE G,LEDUC-WOODBEND,INJECTION,19980707,1264,1230.1,19980712,AKITA DRILLING LTD,7,19991101,,Suspended Water Injection,371.62,348.5,PRIMARY,Waterflood,1218,1211,,,0,UPPER MANNVILLE G,YES,BWL,AB5,Calgary/Edmonton,0,0,0,,0,0,19980712,715.8,,,,,,,,,,0,19660.201,0,461,5,8942,40,0216062,1,0,0,0,0,,123658.945,15,CLASS G NEAT,Tonnes
104/13-15-050-26W4/00,DEVELOPMENT,Deviated,UPPER MANNVILLE FM,LEDUC-WOODBEND UPPER MANNVILLE G,LEDUC-WOODBEND,INJECTION,19980707,1264,1230.1,19980712,AKITA DRILLING LTD,7,19991101,,Suspended Water Injection,371.62,348.5,PRIMARY,Waterflood,1218,1211,,,0,UPPER MANNVILLE G,YES,BWL,AB5,Calgary/Edmonton,0,0,0,,0,0,19980712,715.8,,,,,,,,,,0,19660.201,0,461,5,8942,40,0216062,1,0,0,0,0,,123658.945,6.7,CLASS G NEAT,Tonnes
104/13-15-050-26W4/00,DEVELOPMENT,Deviated,UPPER MANNVILLE FM,LEDUC-WOODBEND UPPER MANNVILLE G,LEDUC-WOODBEND,INJECTION,19980707,1264,1230.1,19980712,AKITA DRILLING LTD,7,19991101,,Suspended Water Injection,371.62,348.5,PRIMARY,Waterflood,1218,1211,,,0,UPPER MANNVILLE G,YES,BWL,AB5,Calgary/Edmonton,0,0,0,,0,0,19980712,715.8,,,,,,,,,,0,19660.201,0,461,5,8942,40,0216062,1,0,0,0,0,,123658.945,31.5,1:1:2 POZ,Tonnes
103/12-22-050-26W4/00,DEVELOPMENT,Horizontal,WABAMUN GRP,LEDUC-WOODBEND D-1 A,LEDUC-WOODBEND,,19980708,1910,1359.46,19980718,CAYMAN VENTURES LTD.,476,,20010901,Abandoned Crude Oil,375.41,340.6,PRIMARY,,1910,1434,,,30934.691,D-1 A,,BWL,AB5,Calgary/Edmonton,0,5777.1914,9702.662,20211127,1542.6,918.5,19980717,711.3,555.66,41.34,29.36,27.14,0.66,1.76,137.14,5.34,,0,0,,1082,5,9624,58,0216082,,0,,3487.1,123145.77,,0,18,CLASS G NEAT,Tonnes
103/12-22-050-26W4/00,DEVELOPMENT,Horizontal,WABAMUN GRP,LEDUC-WOODBEND D-1 A,LEDUC-WOODBEND,,19980708,1910,1359.46,19980718,CAYMAN VENTURES LTD.,476,,20010901,Abandoned Crude Oil,375.41,340.6,PRIMARY,,1910,1434,,,30934.691,D-1 A,,BWL,AB5,Calgary/Edmonton,0,5777.1914,9702.662,20211127,1542.6,918.5,19980717,711.3,555.66,41.34,29.36,27.14,0.66,1.76,137.14,5.34,,0,0,,1082,5,9624,58,0216082,,0,,3487.1,123145.77,,0,16,CLASS A NEAT,Tonnes
103/12-22-050-26W4/00,DEVELOPMENT,Horizontal,WABAMUN GRP,LEDUC-WOODBEND D-1 A,LEDUC-WOODBEND,,19980708,1910,1359.46,19980718,CAYMAN VENTURES LTD.,476,,20010901,Abandoned Crude Oil,375.41,340.6,PRIMARY,,1910,1434,,,30934.691,D-1 A,,BWL,AB5,Calgary/Edmonton,0,5777.1914,9702.662,20211127,1542.6,918.5,19980717,711.3,555.66,41.34,29.36,27.14,0.66,1.76,137.14,5.34,,0,0,,1082,5,9624,58,0216082,,0,,3487.1,123145.77,,0,7,CLASS G NEAT,Tonnes
104/12-22-050-26W4/00,DEVELOPMENT,Deviated,UPPER MANNVILLE FM,LEDUC-WOODBEND UPPER MANNVILLE G,LEDUC-WOODBEND,,19980729,1260,1224.13,19980804,CAYMAN VENTURES LTD.,7,,19981201,Abandoned Crude Oil,374.5,344.3,PRIMARY,Waterflood,1222,1215,1160.33,MANNVILLE GRP,3380.8228,UPPER MANNVILLE G,YES,BWL,AB5,Calgary/Edmonton,0,7319.4526,2944.2605,20171115,468.1,1163.7,19980802,714.6,26.73,30.83,74.97,13.05,16.93,39.98,35.44,19.18,,0,0,,461,5,8942,40,0216238,1,0,,71.7,2532.0615,,0,15,CLASS G NEAT,Tonnes
104/12-22-050-26W4/00,DEVELOPMENT,Deviated,UPPER MANNVILLE FM,LEDUC-WOODBEND UPPER MANNVILLE G,LEDUC-WOODBEND,,19980729,1260,1224.13,19980804,CAYMAN VENTURES LTD.,7,,19981201,Abandoned Crude Oil,374.5,344.3,PRIMARY,Waterflood,1222,1215,1160.33,MANNVILLE GRP,3380.8228,UPPER MANNVILLE G,YES,BWL,AB5,Calgary/Edmonton,0,7319.4526,2944.2605,20171115,468.1,1163.7,19980802,714.6,26.73,30.83,74.97,13.05,16.93,39.98,35.44,19.18,,0,0,,461,5,8942,40,0216238,1,0,,71.7,2532.0615,,0,23.6,1:1:2 POZ,Tonnes
104/12-22-050-26W4/00,DEVELOPMENT,Deviated,UPPER MANNVILLE FM,LEDUC-WOODBEND UPPER MANNVILLE G,LEDUC-WOODBEND,,19980729,1260,1224.13,19980804,CAYMAN VENTURES LTD.,7,,19981201,Abandoned Crude Oil,374.5,344.3,PRIMARY,Waterflood,1222,1215,1160.33,MANNVILLE GRP,3380.8228,UPPER MANNVILLE G,YES,BWL,AB5,Calgary/Edmonton,0,7319.4526,2944.2605,20171115,468.1,1163.7,19980802,714.6,26.73,30.83,74.97,13.05,16.93,39.98,35.44,19.18,,0,0,,461,5,8942,40,0216238,1,0,,71.7,2532.0615,,0,8.1,CLASS G NEAT,Tonnes
100/03-04-050-26W4/02,DEVELOPMENT,Vertical,UPPER MANNVILLE FM,,LEDUC-WOODBEND,,19980731,685,0,19980803,AKITA DRILLING LTD,74,,20110301,Abandoned Gas,354.4,377.6,PRIMARY,,312.5,239,666,LEA PARK FM,0,,YES,BWL,AB5,Calgary/Edmonton,0,20.756376,0,20210617,0,3.3,19980802,727.8,,,1.73,,,0.67,0,0,,0,0,,,,,,0216310,9,0,,0,0,,0,9,CLASS G NEAT,Tonnes
100/03-04-050-26W4/02,DEVELOPMENT,Vertical,UPPER MANNVILLE FM,,LEDUC-WOODBEND,,19980731,685,0,19980803,AKITA DRILLING LTD,74,,20110301,Abandoned Gas,354.4,377.6,PRIMARY,,312.5,239,666,LEA PARK FM,0,,YES,BWL,AB5,Calgary/Edmonton,0,20.756376,0,20210617,0,3.3,19980802,727.8,,,1.73,,,0.67,0,0,,0,0,,,,,,0216310,9,0,,0,0,,0,20,GPSL/GPCEM/THX,Tonnes
100/03-04-050-26W4/00,DEVELOPMENT,Vertical,UPPER MANNVILLE FM,LEDUC-WOODBEND BELLY RIVER J,LEDUC-WOODBEND,,19980731,685,0,19980803,AKITA DRILLING LTD,9,,20070501,Abandoned Zone Gas,354.4,377.6,PRIMARY,,352,343,666,LEA PARK FM,81484.94,BELLY RIVER J,YES,BWL,AB5,Calgary/Edmonton,0,0,0,20210617,0,0,19980802,727.8,702.39,,,55.16,,,121.1,9.51,,0,0,,,,,,0216310,9,0,,13382.9,472612.66,,0,9,CLASS G NEAT,Tonnes
100/03-04-050-26W4/00,DEVELOPMENT,Vertical,UPPER MANNVILLE FM,LEDUC-WOODBEND BELLY RIVER J,LEDUC-WOODBEND,,19980731,685,0,19980803,AKITA DRILLING LTD,9,,20070501,Abandoned Zone Gas,354.4,377.6,PRIMARY,,352,343,666,LEA PARK FM,81484.94,BELLY RIVER J,YES,BWL,AB5,Calgary/Edmonton,0,0,0,20210617,0,0,19980802,727.8,702.39,,,55.16,,,121.1,9.51,,0,0,,,,,,0216310,9,0,,13382.9,472612.66,,0,20,GPSL/GPCEM/THX,Tonnes
105/05-22-050-26W4/00,DEVELOPMENT,Deviated,UPPER MANNVILLE FM,LEDUC-WOODBEND UPPER MANNVILLE G,LEDUC-WOODBEND,INJECTION,19980828,1244,1231.61,19980902,AKITA DRILLING LTD,4,19991101,,Abandoned Zone Water Injection,370.9,350.7,PRIMARY,Waterflood,1203,1199,,,0,UPPER MANNVILLE G,YES,BWL,AB5,Calgary/Edmonton,0,0,0,,0,0,19980901,717.3,,,,,,,,,,0,13170.699,0,461,5,8942,40,0216541,1,0,0,0,0,,82841.2,14,CLASS G NEAT,Tonnes
105/05-22-050-26W4/00,DEVELOPMENT,Deviated,UPPER MANNVILLE FM,LEDUC-WOODBEND UPPER MANNVILLE G,LEDUC-WOODBEND,INJECTION,19980828,1244,1231.61,19980902,AKITA DRILLING LTD,4,19991101,,Abandoned Zone Water Injection,370.9,350.7,PRIMARY,Waterflood,1203,1199,,,0,UPPER MANNVILLE G,YES,BWL,AB5,Calgary/Edmonton,0,0,0,,0,0,19980901,717.3,,,,,,,,,,0,13170.699,0,461,5,8942,40,0216541,1,0,0,0,0,,82841.2,28,1:1:2 POZ,Tonnes
105/05-22-050-26W4/00,DEVELOPMENT,Deviated,UPPER MANNVILLE FM,LEDUC-WOODBEND UPPER MANNVILLE G,LEDUC-WOODBEND,INJECTION,19980828,1244,1231.61,19980902,AKITA DRILLING LTD,4,19991101,,Abandoned Zone Water Injection,370.9,350.7,PRIMARY,Waterflood,1203,1199,,,0,UPPER MANNVILLE G,YES,BWL,AB5,Calgary/Edmonton,0,0,0,,0,0,19980901,717.3,,,,,,,,,,0,13170.699,0,461,5,8942,40,0216541,1,0,0,0,0,,82841.2,6.6,CLASS G NEAT,Tonnes
103/15-22-050-26W4/00,DEVELOPMENT,Horizontal,WABAMUN GRP,LEDUC-WOODBEND D-1 A,LEDUC-WOODBEND,,19980821,1898,1345.11,19980831,CAYMAN VENTURES LTD.,459,,20040401,Abandoned Crude Oil,385.01,326,PRIMARY,,1898,1439,,,43422.812,D-1 A,,BWL,AB5,Calgary/Edmonton,0,2451.1392,9287.534,20150319,1476.6,389.7,19980830,706.3,564.2,39.79,0.49,20.14,0.88,0.2,137.07,4.35,,0,0,,1082,5,9624,58,0216542,,0,,5606.3,197984.61,,0,18,CLASS G NEAT,Tonnes
103/15-22-050-26W4/00,DEVELOPMENT,Horizontal,WABAMUN GRP,LEDUC-WOODBEND D-1 A,LEDUC-WOODBEND,,19980821,1898,1345.11,19980831,CAYMAN VENTURES LTD.,459,,20040401,Abandoned Crude Oil,385.01,326,PRIMARY,,1898,1439,,,43422.812,D-1 A,,BWL,AB5,Calgary/Edmonton,0,2451.1392,9287.534,20150319,1476.6,389.7,19980830,706.3,564.2,39.79,0.49,20.14,0.88,0.2,137.07,4.35,,0,0,,1082,5,9624,58,0216542,,0,,5606.3,197984.61,,0,27,1:1:2 POZ,Tonnes
103/15-22-050-26W4/00,DEVELOPMENT,Horizontal,WABAMUN GRP,LEDUC-WOODBEND D-1 A,LEDUC-WOODBEND,,19980821,1898,1345.11,19980831,CAYMAN VENTURES LTD.,459,,20040401,Abandoned Crude Oil,385.01,326,PRIMARY,,1898,1439,,,43422.812,D-1 A,,BWL,AB5,Calgary/Edmonton,0,2451.1392,9287.534,20150319,1476.6,389.7,19980830,706.3,564.2,39.79,0.49,20.14,0.88,0.2,137.07,4.35,,0,0,,1082,5,9624,58,0216542,,0,,5606.3,197984.61,,0,0,CLASS G NEAT,
103/16-16-050-26W4/00,DEVELOPMENT,Horizontal,WABAMUN GRP,LEDUC-WOODBEND D-1 A,LEDUC-WOODBEND,,19981019,1919,1376.75,19981028,CAYMAN VENTURES LTD.,474,,20010801,Abandoned Crude Oil,357.81,367.8,PRIMARY,,1919,1445,,,18032.934,D-1 A,,BWL,AB5,Calgary/Edmonton,0,8296.89,14625.068,20191024,2325.2,1319.1,19981027,720.9,50.8,58.18,59.28,10.29,1.85,1.68,66.94,3.62,,0,0,,1082,5,9624,58,0217482,,0,,559.7,19765.62,,0,19,CLASS G NEAT,Tonnes
103/16-16-050-26W4/00,DEVELOPMENT,Horizontal,WABAMUN GRP,LEDUC-WOODBEND D-1 A,LEDUC-WOODBEND,,19981019,1919,1376.75,19981028,CAYMAN VENTURES LTD.,474,,20010801,Abandoned Crude Oil,357.81,367.8,PRIMARY,,1919,1445,,,18032.934,D-1 A,,BWL,AB5,Calgary/Edmonton,0,8296.89,14625.068,20191024,2325.2,1319.1,19981027,720.9,50.8,58.18,59.28,10.29,1.85,1.68,66.94,3.62,,0,0,,1082,5,9624,58,0217482,,0,,559.7,19765.62,,0,18,CLASS A NEAT,Tonnes
103/16-16-050-26W4/00,DEVELOPMENT,Horizontal,WABAMUN GRP,LEDUC-WOODBEND D-1 A,LEDUC-WOODBEND,,19981019,1919,1376.75,19981028,CAYMAN VENTURES LTD.,474,,20010801,Abandoned Crude Oil,357.81,367.8,PRIMARY,,1919,1445,,,18032.934,D-1 A,,BWL,AB5,Calgary/Edmonton,0,8296.89,14625.068,20191024,2325.2,1319.1,19981027,720.9,50.8,58.18,59.28,10.29,1.85,1.68,66.94,3.62,,0,0,,1082,5,9624,58,0217482,,0,,559.7,19765.62,,0,6,CLASS G NEAT,Tonnes
105/13-15-050-26W4/00,DEVELOPMENT,Horizontal,WABAMUN GRP,LEDUC-WOODBEND D-1 A,LEDUC-WOODBEND,,19980923,1919,1371.35,19981005,AKITA DRILLING LTD,456,,20030401,Abandoned Zone Crude Oil,372.59,347.7,PRIMARY,,1919,1463,,,35672.715,D-1 A,,BWL,AB5,Calgary/Edmonton,0,28487.81,24513.28,20190315,3897.3,4529.2,19981004,716,44.29,105.61,52.67,8.67,2.63,1.17,113.25,4.12,,0,0,,1082,5,9624,58,0217483,,0,,1832.8,64724.723,,0,16,CLASS G NEAT,Tonnes
105/13-15-050-26W4/00,DEVELOPMENT,Horizontal,WABAMUN GRP,LEDUC-WOODBEND D-1 A,LEDUC-WOODBEND,,19980923,1919,1371.35,19981005,AKITA DRILLING LTD,456,,20030401,Abandoned Zone Crude Oil,372.59,347.7,PRIMARY,,1919,1463,,,35672.715,D-1 A,,BWL,AB5,Calgary/Edmonton,0,28487.81,24513.28,20190315,3897.3,4529.2,19981004,716,44.29,105.61,52.67,8.67,2.63,1.17,113.25,4.12,,0,0,,1082,5,9624,58,0217483,,0,,1832.8,64724.723,,0,16.2,CLASS A NEAT,Tonnes
105/13-15-050-26W4/00,DEVELOPMENT,Horizontal,WABAMUN GRP,LEDUC-WOODBEND D-1 A,LEDUC-WOODBEND,,19980923,1919,1371.35,19981005,AKITA DRILLING LTD,456,,20030401,Abandoned Zone Crude Oil,372.59,347.7,PRIMARY,,1919,1463,,,35672.715,D-1 A,,BWL,AB5,Calgary/Edmonton,0,28487.81,24513.28,20190315,3897.3,4529.2,19981004,716,44.29,105.61,52.67,8.67,2.63,1.17,113.25,4.12,,0,0,,1082,5,9624,58,0217483,,0,,1832.8,64724.723,,0,7.2,CLASS G NEAT,Tonnes
105/12-15-050-26W4/00,DEVELOPMENT,Horizontal,WABAMUN GRP,LEDUC-WOODBEND D-1 A,LEDUC-WOODBEND,,19981109,1910,1374.9,19981119,CAYMAN VENTURES LTD.,469,,20030901,Abandoned Crude Oil,372.59,348.1,PRIMARY,,1910,1441,,,33082.594,D-1 A,,BWL,AB5,Calgary/Edmonton,0,70277.31,19409.727,20221119,3085.9,11173.2,19981118,716,448.11,24.58,165.54,2.53,0.98,4.87,101.84,1.42,,0,0,,1082,5,9624,58,0217486,1,0,,2245.6,79302.62,,0,18,CLASS G NEAT,Tonnes
105/12-15-050-26W4/00,DEVELOPMENT,Horizontal,WABAMUN GRP,LEDUC-WOODBEND D-1 A,LEDUC-WOODBEND,,19981109,1910,1374.9,19981119,CAYMAN VENTURES LTD.,469,,20030901,Abandoned Crude Oil,372.59,348.1,PRIMARY,,1910,1441,,,33082.594,D-1 A,,BWL,AB5,Calgary/Edmonton,0,70277.31,19409.727,20221119,3085.9,11173.2,19981118,716,448.11,24.58,165.54,2.53,0.98,4.87,101.84,1.42,,0,0,,1082,5,9624,58,0217486,1,0,,2245.6,79302.62,,0,18,CLASS A NEAT,Tonnes
105/12-15-050-26W4/00,DEVELOPMENT,Horizontal,WABAMUN GRP,LEDUC-WOODBEND D-1 A,LEDUC-WOODBEND,,19981109,1910,1374.9,19981119,CAYMAN VENTURES LTD.,469,,20030901,Abandoned Crude Oil,372.59,348.1,PRIMARY,,1910,1441,,,33082.594,D-1 A,,BWL,AB5,Calgary/Edmonton,0,70277.31,19409.727,20221119,3085.9,11173.2,19981118,716,448.11,24.58,165.54,2.53,0.98,4.87,101.84,1.42,,0,0,,1082,5,9624,58,0217486,1,0,,2245.6,79302.62,,0,6,CLASS G NEAT,Tonnes
103/02-18-049-25W4/00,DEVELOPMENT,Deviated,UPPER MANNVILLE FM,LEDUC-WOODBEND UPPER MANNVILLE B,LEDUC-WOODBEND,,19980923,1309.6,1257.43,19980928,CAYMAN VENTURES LTD.,9,,19990901,Abandoned Crude Oil,346.91,376.9,PRIMARY,,1281.5,1272.5,,,3268.9224,UPPER MANNVILLE B,YES,BWL,AB5,Calgary/Edmonton,0,1995.1279,2434.1567,20191009,387,317.2,19980927,719.6,50.46,39.23,26.49,42.49,3.69,2.76,47.93,11.02,,0,0,,184,5,9317,60,0217611,1,0,,137.1,4841.6406,,0,14.5,CLASS G NEAT,Tonnes
103/02-18-049-25W4/00,DEVELOPMENT,Deviated,UPPER MANNVILLE FM,LEDUC-WOODBEND UPPER MANNVILLE B,LEDUC-WOODBEND,,19980923,1309.6,1257.43,19980928,CAYMAN VENTURES LTD.,9,,19990901,Abandoned Crude Oil,346.91,376.9,PRIMARY,,1281.5,1272.5,,,3268.9224,UPPER MANNVILLE B,YES,BWL,AB5,Calgary/Edmonton,0,1995.1279,2434.1567,20191009,387,317.2,19980927,719.6,50.46,39.23,26.49,42.49,3.69,2.76,47.93,11.02,,0,0,,184,5,9317,60,0217611,1,0,,137.1,4841.6406,,0,28,1:1:2 POZ,Tonnes
103/02-18-049-25W4/00,DEVELOPMENT,Deviated,UPPER MANNVILLE FM,LEDUC-WOODBEND UPPER MANNVILLE B,LEDUC-WOODBEND,,19980923,1309.6,1257.43,19980928,CAYMAN VENTURES LTD.,9,,19990901,Abandoned Crude Oil,346.91,376.9,PRIMARY,,1281.5,1272.5,,,3268.9224,UPPER MANNVILLE B,YES,BWL,AB5,Calgary/Edmonton,0,1995.1279,2434.1567,20191009,387,317.2,19980927,719.6,50.46,39.23,26.49,42.49,3.69,2.76,47.93,11.02,,0,0,,184,5,9317,60,0217611,1,0,,137.1,4841.6406,,0,10.5,CLASS G NEAT,Tonnes
104/15-16-050-26W4/00,DEVELOPMENT,Horizontal,WABAMUN GRP,LEDUC-WOODBEND D-1 A,LEDUC-WOODBEND,,19981001,1929,1378.23,19981011,CAYMAN VENTURES LTD.,467,,20000701,Suspended Crude Oil,356.22,367.8,PRIMARY,,1929,1462,,,6972.376,D-1 A,,BWL,AB5,Calgary/Edmonton,0,2711.5374,1890.7172,,300.6,431.1,19981010,719.3,306.88,30.76,23.37,3.19,0.25,1.65,83.67,0.8,,0,0,,1082,5,9624,58,0217804,,0,,834.6,29473.621,,0,18.5,CLASS G NEAT,Tonnes
104/15-16-050-26W4/00,DEVELOPMENT,Horizontal,WABAMUN GRP,LEDUC-WOODBEND D-1 A,LEDUC-WOODBEND,,19981001,1929,1378.23,19981011,CAYMAN VENTURES LTD.,467,,20000701,Suspended Crude Oil,356.22,367.8,PRIMARY,,1929,1462,,,6972.376,D-1 A,,BWL,AB5,Calgary/Edmonton,0,2711.5374,1890.7172,,300.6,431.1,19981010,719.3,306.88,30.76,23.37,3.19,0.25,1.65,83.67,0.8,,0,0,,1082,5,9624,58,0217804,,0,,834.6,29473.621,,0,30,1:1:2 POZ,Tonnes
103/12-18-049-25W4/00,DEVELOPMENT,Deviated,UPPER MANNVILLE FM,,LEDUC-WOODBEND,,19981019,1320,1275.47,19981024,AKITA DRILLING LTD,,,,Abandoned,349.2,373.8,PRIMARY,,,,,,,,YES,BWL,AB5,Calgary/Edmonton,,,,20220227,,,19981023,718.7,,,,,,,,,,,,,,,,,0217829,1,,,,,,,15,CLASS G NEAT,Tonnes
103/12-18-049-25W4/00,DEVELOPMENT,Deviated,UPPER MANNVILLE FM,,LEDUC-WOODBEND,,19981019,1320,1275.47,19981024,AKITA DRILLING LTD,,,,Abandoned,349.2,373.8,PRIMARY,,,,,,,,YES,BWL,AB5,Calgary/Edmonton,,,,20220227,,,19981023,718.7,,,,,,,,,,,,,,,,,0217829,1,,,,,,,33,1:1:2 POZ,Tonnes
103/12-18-049-25W4/00,DEVELOPMENT,Deviated,UPPER MANNVILLE FM,,LEDUC-WOODBEND,,19981019,1320,1275.47,19981024,AKITA DRILLING LTD,,,,Abandoned,349.2,373.8,PRIMARY,,,,,,,,YES,BWL,AB5,Calgary/Edmonton,,,,20220227,,,19981023,718.7,,,,,,,,,,,,,,,,,0217829,1,,,,,,,6.6,CLASS G NEAT,Tonnes
103/03-18-049-25W4/02,DEVELOPMENT,Vertical,UPPER MANNVILLE FM,,LEDUC-WOODBEND,,19981109,1281,0,19981112,CAYMAN VENTURES LTD.,,,,Abandoned,345.29,377.8,PRIMARY,,,,,,,,YES,BWL,AB5,Calgary/Edmonton,,,,20191022,,,19981111,718.9,,,,,,,,,,,,,,,,,0217831,2,,,,,,,16,CLASS G NEAT,Tonnes
103/03-18-049-25W4/02,DEVELOPMENT,Vertical,UPPER MANNVILLE FM,,LEDUC-WOODBEND,,19981109,1281,0,19981112,CAYMAN VENTURES LTD.,,,,Abandoned,345.29,377.8,PRIMARY,,,,,,,,YES,BWL,AB5,Calgary/Edmonton,,,,20191022,,,19981111,718.9,,,,,,,,,,,,,,,,,0217831,2,,,,,,,27,1:1:2 POZ,Tonnes
103/03-18-049-25W4/02,DEVELOPMENT,Vertical,UPPER MANNVILLE FM,,LEDUC-WOODBEND,,19981109,1281,0,19981112,CAYMAN VENTURES LTD.,,,,Abandoned,345.29,377.8,PRIMARY,,,,,,,,YES,BWL,AB5,Calgary/Edmonton,,,,20191022,,,19981111,718.9,,,,,,,,,,,,,,,,,0217831,2,,,,,,,7.5,CLASS G NEAT,Tonnes
103/03-18-049-25W4/00,DEVELOPMENT,Vertical,UPPER MANNVILLE FM,LEDUC-WOODBEND UPPER MANNVILLE B,LEDUC-WOODBEND,,19981109,1281,0,19981112,CAYMAN VENTURES LTD.,4,,19990101,Abandoned Zone Crude Oil,345.29,377.8,PRIMARY,,1232.5,1229,,,127.100044,UPPER MANNVILLE B,YES,BWL,AB5,Calgary/Edmonton,0,693.13715,109.44271,20191022,17.4,110.2,19981111,718.9,1.77,2.21,13.23,3.3,3.53,11.18,2.52,4.1,,0,0,,184,5,9317,60,0217831,2,0,,2.9,102.41254,,0,16,CLASS G NEAT,Tonnes
103/03-18-049-25W4/00,DEVELOPMENT,Vertical,UPPER MANNVILLE FM,LEDUC-WOODBEND UPPER MANNVILLE B,LEDUC-WOODBEND,,19981109,1281,0,19981112,CAYMAN VENTURES LTD.,4,,19990101,Abandoned Zone Crude Oil,345.29,377.8,PRIMARY,,1232.5,1229,,,127.100044,UPPER MANNVILLE B,YES,BWL,AB5,Calgary/Edmonton,0,693.13715,109.44271,20191022,17.4,110.2,19981111,718.9,1.77,2.21,13.23,3.3,3.53,11.18,2.52,4.1,,0,0,,184,5,9317,60,0217831,2,0,,2.9,102.41254,,0,27,1:1:2 POZ,Tonnes
103/03-18-049-25W4/00,DEVELOPMENT,Vertical,UPPER MANNVILLE FM,LEDUC-WOODBEND UPPER MANNVILLE B,LEDUC-WOODBEND,,19981109,1281,0,19981112,CAYMAN VENTURES LTD.,4,,19990101,Abandoned Zone Crude Oil,345.29,377.8,PRIMARY,,1232.5,1229,,,127.100044,UPPER MANNVILLE B,YES,BWL,AB5,Calgary/Edmonton,0,693.13715,109.44271,20191022,17.4,110.2,19981111,718.9,1.77,2.21,13.23,3.3,3.53,11.18,2.52,4.1,,0,0,,184,5,9317,60,0217831,2,0,,2.9,102.41254,,0,7.5,CLASS G NEAT,Tonnes
103/13-18-049-25W4/00,DEVELOPMENT,Vertical,UPPER MANNVILLE FM,LEDUC-WOODBEND UPPER MANNVILLE B,LEDUC-WOODBEND,,19981101,1288.5,0,19981104,CAYMAN VENTURES LTD.,7,,20010901,Abandoned Crude Oil,356.09,367.9,PRIMARY,,1238,1231,,,8580.957,UPPER MANNVILLE B,YES,BWL,AB5,Calgary/Edmonton,0,13431.262,7659.7314,20220116,1217.8,2135.4,19981103,719.9,17.64,31.42,53.82,10.1,6.01,5.46,34.46,7.75,,0,0,,184,5,9317,60,0217997,2,0,,151.3,5343.109,,0,26.3,1:1:2 POZ,Cubic metres
103/13-18-049-25W4/00,DEVELOPMENT,Vertical,UPPER MANNVILLE FM,LEDUC-WOODBEND UPPER MANNVILLE B,LEDUC-WOODBEND,,19981101,1288.5,0,19981104,CAYMAN VENTURES LTD.,7,,20010901,Abandoned Crude Oil,356.09,367.9,PRIMARY,,1238,1231,,,8580.957,UPPER MANNVILLE B,YES,BWL,AB5,Calgary/Edmonton,0,13431.262,7659.7314,20220116,1217.8,2135.4,19981103,719.9,17.64,31.42,53.82,10.1,6.01,5.46,34.46,7.75,,0,0,,184,5,9317,60,0217997,2,0,,151.3,5343.109,,0,7.5,CLASS G NEAT,Cubic metres
102/16-34-049-26W4/00,DEVELOPMENT,Deviated,UPPER MANNVILLE FM,LEDUC-WOODBEND UPPER MANNVILLE F,LEDUC-WOODBEND,,19981028,1301,1256.31,19981103,AKITA DRILLING LTD,5,,20120701,Abandoned Zone Gas,373.96,357.4,PRIMARY,,1262,1257,,,359270.12,UPPER MANNVILLE F,YES,BWL,AB5,Calgary/Edmonton,0,717.03845,0,20191010,0,114,19981102,727.1,2505.31,,4.63,110.93,,0.03,431.95,19.13,,0,0,,,,,,0218239,1,0,,59005.7,2083766.6,,0,14,CLASS G NEAT,Tonnes
102/16-34-049-26W4/00,DEVELOPMENT,Deviated,UPPER MANNVILLE FM,LEDUC-WOODBEND UPPER MANNVILLE F,LEDUC-WOODBEND,,19981028,1301,1256.31,19981103,AKITA DRILLING LTD,5,,20120701,Abandoned Zone Gas,373.96,357.4,PRIMARY,,1262,1257,,,359270.12,UPPER MANNVILLE F,YES,BWL,AB5,Calgary/Edmonton,0,717.03845,0,20191010,0,114,19981102,727.1,2505.31,,4.63,110.93,,0.03,431.95,19.13,,0,0,,,,,,0218239,1,0,,59005.7,2083766.6,,0,30,1:1:2 POZ,Tonnes
104/11-18-049-25W4/00,DEVELOPMENT,Vertical,UPPER MANNVILLE FM,LEDUC-WOODBEND UPPER MANNVILLE B,LEDUC-WOODBEND,,19981113,1265,0,19981117,AKITA DRILLING LTD,6,,20110801,Abandoned Crude Oil,356.5,361,PRIMARY,,1229,1223,,,16749.787,UPPER MANNVILLE B,YES,BWL,AB5,Calgary/Edmonton,0,8723.968,14845.841,20200320,2360.3,1387,19981116,713.3,19.63,34.92,24.9,8.37,0.33,10.48,38.3,1.77,,0,0,,184,5,9317,60,0218589,2,0,,312.7,11042.896,,0,17,CLASS G NEAT,Tonnes
104/11-18-049-25W4/00,DEVELOPMENT,Vertical,UPPER MANNVILLE FM,LEDUC-WOODBEND UPPER MANNVILLE B,LEDUC-WOODBEND,,19981113,1265,0,19981117,AKITA DRILLING LTD,6,,20110801,Abandoned Crude Oil,356.5,361,PRIMARY,,1229,1223,,,16749.787,UPPER MANNVILLE B,YES,BWL,AB5,Calgary/Edmonton,0,8723.968,14845.841,20200320,2360.3,1387,19981116,713.3,19.63,34.92,24.9,8.37,0.33,10.48,38.3,1.77,,0,0,,184,5,9317,60,0218589,2,0,,312.7,11042.896,,0,27,CLASS A NEAT,Tonnes
103/03-25-049-27W4/00,DEVELOPMENT,Deviated,ELLERSLIE MBR,,LEDUC-WOODBEND,,19990123,1495,1430.8,19990131,CAYMAN VENTURES LTD.,2,,19991201,Abandoned Gas,339.59,393.7,PRIMARY,,1424.5,1423,,,87.677795,,,BWL,AB5,Calgary/Edmonton,0,0,0,20211120,0,0,19990131,728.5,37.67,,,16.4,,,6.49,2.83,,0,0,,,,,,0219305,1,0,,14.4,508.5312,,0,19,CLASS G NEAT,Tonnes
103/03-25-049-27W4/00,DEVELOPMENT,Deviated,ELLERSLIE MBR,,LEDUC-WOODBEND,,19990123,1495,1430.8,19990131,CAYMAN VENTURES LTD.,2,,19991201,Abandoned Gas,339.59,393.7,PRIMARY,,1424.5,1423,,,87.677795,,,BWL,AB5,Calgary/Edmonton,0,0,0,20211120,0,0,19990131,728.5,37.67,,,16.4,,,6.49,2.83,,0,0,,,,,,0219305,1,0,,14.4,508.5312,,0,21,GPSL/GPCEM/THX,Tonnes
103/03-25-049-27W4/00,DEVELOPMENT,Deviated,ELLERSLIE MBR,,LEDUC-WOODBEND,,19990123,1495,1430.8,19990131,CAYMAN VENTURES LTD.,2,,19991201,Abandoned Gas,339.59,393.7,PRIMARY,,1424.5,1423,,,87.677795,,,BWL,AB5,Calgary/Edmonton,0,0,0,20211120,0,0,19990131,728.5,37.67,,,16.4,,,6.49,2.83,,0,0,,,,,,0219305,1,0,,14.4,508.5312,,0,8.5,CLASS G NEAT,Tonnes
103/16-21-051-26W4/00,DEVELOPMENT,Horizontal,ELLERSLIE MBR,LEDUC-WOODBEND BLAIRMORE A,LEDUC-WOODBEND,,19990202,1801,1299.5,19990215,CAYMAN VENTURES LTD.,376,,20020801,Abandoned Crude Oil,126,578.9,PRIMARY,,1801,1425,,,51785.52,BLAIRMORE A,,BWL,AB5,Calgary/Edmonton,0,118834.02,28233.074,20220307,4488.7,18893.1,19990215,699.6,484.71,64.85,47.1,3.45,2.55,32.15,148.42,3.14,,0,0,,204,4,9328,57,0221027,,0,,3868.2,136604.19,,0,20,CLASS G NEAT,Tonnes
103/16-21-051-26W4/00,DEVELOPMENT,Horizontal,ELLERSLIE MBR,LEDUC-WOODBEND BLAIRMORE A,LEDUC-WOODBEND,,19990202,1801,1299.5,19990215,CAYMAN VENTURES LTD.,376,,20020801,Abandoned Crude Oil,126,578.9,PRIMARY,,1801,1425,,,51785.52,BLAIRMORE A,,BWL,AB5,Calgary/Edmonton,0,118834.02,28233.074,20220307,4488.7,18893.1,19990215,699.6,484.71,64.85,47.1,3.45,2.55,32.15,148.42,3.14,,0,0,,204,4,9328,57,0221027,,0,,3868.2,136604.19,,0,17,GPSL/GPCEM/THX,Tonnes
103/16-21-051-26W4/00,DEVELOPMENT,Horizontal,ELLERSLIE MBR,LEDUC-WOODBEND BLAIRMORE A,LEDUC-WOODBEND,,19990202,1801,1299.5,19990215,CAYMAN VENTURES LTD.,376,,20020801,Abandoned Crude Oil,126,578.9,PRIMARY,,1801,1425,,,51785.52,BLAIRMORE A,,BWL,AB5,Calgary/Edmonton,0,118834.02,28233.074,20220307,4488.7,18893.1,19990215,699.6,484.71,64.85,47.1,3.45,2.55,32.15,148.42,3.14,,0,0,,204,4,9328,57,0221027,,0,,3868.2,136604.19,,0,4,CLASS G NEAT,Tonnes
102/13-16-050-26W4/02,DEVELOPMENT,Vertical,NISKU FM,,LEDUC-WOODBEND,,20011009,1562.1,0,20011118,BONUS WELL SERVICING PARTNERSHIP,2,,20070101,Abandoned Gas,355.09,367.6,PRIMARY,,1312.4,1310.6,,,3324.7615,,YES,280,AB5,Calgary/Edmonton,0,412.61157,314.49054,20210302,50,65.6,20011022,719.7,56.35,3.12,1.51,11.4,0.25,0.21,12.84,2.22,,0,0,,,,,,0251710,3,0,,494.4,17459.57,,0,60,CLASS G NEAT,Slacks
102/13-16-050-26W4/02,DEVELOPMENT,Vertical,NISKU FM,,LEDUC-WOODBEND,,20011009,1562.1,0,20011118,BONUS WELL SERVICING PARTNERSHIP,2,,20070101,Abandoned Gas,355.09,367.6,PRIMARY,,1312.4,1310.6,,,3324.7615,,YES,280,AB5,Calgary/Edmonton,0,412.61157,314.49054,20210302,50,65.6,20011022,719.7,56.35,3.12,1.51,11.4,0.25,0.21,12.84,2.22,,0,0,,,,,,0251710,3,0,,494.4,17459.57,,0,200,CLASS G NEAT,Slacks
100/15-29-050-26W4/02,DEVELOPMENT,Vertical,LEDUC FM,LEDUC-WOODBEND D-3 A,LEDUC-WOODBEND,,20020708,1621.5,0,20020724,BONUS WELL SERVICING PARTNERSHIP,2,,20050801,Abandoned Crude Oil,364.2,340.8,WATER FLOOD,Waterflood,1606.8,1604.5,,,9993.153,D-3 A,,140,AB5,Calgary/Edmonton,0,1387085.6,7742.757,20170824,1231,220529,20020713,703.1,24.13,45.07,2203.05,31.86,1.08,1329.81,49.23,6.57,,0,0,,,8,,,0270864,3,0,,369.6,13052.301,,0,50,CLASS G NEAT,Slacks
100/15-29-050-26W4/02,DEVELOPMENT,Vertical,LEDUC FM,LEDUC-WOODBEND D-3 A,LEDUC-WOODBEND,,20020708,1621.5,0,20020724,BONUS WELL SERVICING PARTNERSHIP,2,,20050801,Abandoned Crude Oil,364.2,340.8,WATER FLOOD,Waterflood,1606.8,1604.5,,,9993.153,D-3 A,,140,AB5,Calgary/Edmonton,0,1387085.6,7742.757,20170824,1231,220529,20020713,703.1,24.13,45.07,2203.05,31.86,1.08,1329.81,49.23,6.57,,0,0,,,8,,,0270864,3,0,,369.6,13052.301,,0,200,CLASS G NEAT,Slacks
100/15-29-050-26W4/02,DEVELOPMENT,Vertical,LEDUC FM,LEDUC-WOODBEND D-3 A,LEDUC-WOODBEND,,20020708,1621.5,0,20020724,BONUS WELL SERVICING PARTNERSHIP,2,,20050801,Abandoned Crude Oil,364.2,340.8,WATER FLOOD,Waterflood,1606.8,1604.5,,,9993.153,D-3 A,,140,AB5,Calgary/Edmonton,0,1387085.6,7742.757,20170824,1231,220529,20020713,703.1,24.13,45.07,2203.05,31.86,1.08,1329.81,49.23,6.57,,0,0,,,8,,,0270864,3,0,,369.6,13052.301,,0,250,CLASS G NEAT,Slacks
102/11-19-050-26W4/02,DEVELOPMENT,Vertical,LEDUC FM,LEDUC-WOODBEND D-3 A,LEDUC-WOODBEND,,20030127,1629,0,20030212,BONUS WELL SERVICING PARTNERSHIP,2,,20130501,Suspended Crude Oil,356.05,356.6,WATER FLOOD,Waterflood,1620.5,1618.7,,,71624.61,D-3 A,,140,AB5,Calgary/Edmonton,0,2354332.8,57854.938,,9198.2,374309,20030203,708.7,157.16,43.12,8.38,27.45,9.33,2276.86,70.22,14.06,,0,0,,,8,,,0280708,1,0,,2261.5,79864.12,,0,75,CLASS G NEAT,Slacks
102/11-19-050-26W4/02,DEVELOPMENT,Vertical,LEDUC FM,LEDUC-WOODBEND D-3 A,LEDUC-WOODBEND,,20030127,1629,0,20030212,BONUS WELL SERVICING PARTNERSHIP,2,,20130501,Suspended Crude Oil,356.05,356.6,WATER FLOOD,Waterflood,1620.5,1618.7,,,71624.61,D-3 A,,140,AB5,Calgary/Edmonton,0,2354332.8,57854.938,,9198.2,374309,20030203,708.7,157.16,43.12,8.38,27.45,9.33,2276.86,70.22,14.06,,0,0,,,8,,,0280708,1,0,,2261.5,79864.12,,0,200,CLASS G NEAT,Slacks
102/11-19-050-26W4/02,DEVELOPMENT,Vertical,LEDUC FM,LEDUC-WOODBEND D-3 A,LEDUC-WOODBEND,,20030127,1629,0,20030212,BONUS WELL SERVICING PARTNERSHIP,2,,20130501,Suspended Crude Oil,356.05,356.6,WATER FLOOD,Waterflood,1620.5,1618.7,,,71624.61,D-3 A,,140,AB5,Calgary/Edmonton,0,2354332.8,57854.938,,9198.2,374309,20030203,708.7,157.16,43.12,8.38,27.45,9.33,2276.86,70.22,14.06,,0,0,,,8,,,0280708,1,0,,2261.5,79864.12,,0,250,CLASS G NEAT,Slacks
100/09-27-029-28W4/00,DEVELOPMENT,Vertical,PEKISKO FM,,LONE PINE CREEK,,20030215,2160,0,20030226,NABORS DRILLING LIMITED,,,,Abandoned,571.24,423.2,PRIMARY,,,,,,,,YES,360,AB2,Calgary/Edmonton,,,,20150415,,,20030223,985.2,,,,,,,,,,,,,,,,,0281354,5,,,,,,,32,CLASS A NEAT,Tonnes
100/09-27-029-28W4/00,DEVELOPMENT,Vertical,PEKISKO FM,,LONE PINE CREEK,,20030215,2160,0,20030226,NABORS DRILLING LIMITED,,,,Abandoned,571.24,423.2,PRIMARY,,,,,,,,YES,360,AB2,Calgary/Edmonton,,,,20150415,,,20030223,985.2,,,,,,,,,,,,,,,,,0281354,5,,,,,,,14,CLASS G NEAT,Tonnes
100/09-27-029-28W4/00,DEVELOPMENT,Vertical,PEKISKO FM,,LONE PINE CREEK,,20030215,2160,0,20030226,NABORS DRILLING LIMITED,,,,Abandoned,571.24,423.2,PRIMARY,,,,,,,,YES,360,AB2,Calgary/Edmonton,,,,20150415,,,20030223,985.2,,,,,,,,,,,,,,,,,0281354,5,,,,,,,31.2,LIGHT WEIGHT,Cubic metres
100/12-30-050-26W4/02,DEVELOPMENT,Vertical,LEDUC FM,LEDUC-WOODBEND D-3 A,LEDUC-WOODBEND,,20030312,1620.2,0,20030324,NABORS DRILLING LIMITED,2,,20161101,Suspended Gas,362.51,346.2,WATER FLOOD,Waterflood,1611.3,1609.8,,,58621.727,D-3 A,,140,AB5,Calgary/Edmonton,0,1133519.5,47710.1,,7585.3,180215.2,20030318,700.2,536.63,47.46,109.96,6.02,0.75,352.3,139.98,1.79,,0,0,,,8,,,0283330,2,0,,1792.1,63287.414,,0,75,CLASS G NEAT,Slacks
100/12-30-050-26W4/02,DEVELOPMENT,Vertical,LEDUC FM,LEDUC-WOODBEND D-3 A,LEDUC-WOODBEND,,20030312,1620.2,0,20030324,NABORS DRILLING LIMITED,2,,20161101,Suspended Gas,362.51,346.2,WATER FLOOD,Waterflood,1611.3,1609.8,,,58621.727,D-3 A,,140,AB5,Calgary/Edmonton,0,1133519.5,47710.1,,7585.3,180215.2,20030318,700.2,536.63,47.46,109.96,6.02,0.75,352.3,139.98,1.79,,0,0,,,8,,,0283330,2,0,,1792.1,63287.414,,0,200,CLASS G NEAT,Slacks
100/12-30-050-26W4/02,DEVELOPMENT,Vertical,LEDUC FM,LEDUC-WOODBEND D-3 A,LEDUC-WOODBEND,,20030312,1620.2,0,20030324,NABORS DRILLING LIMITED,2,,20161101,Suspended Gas,362.51,346.2,WATER FLOOD,Waterflood,1611.3,1609.8,,,58621.727,D-3 A,,140,AB5,Calgary/Edmonton,0,1133519.5,47710.1,,7585.3,180215.2,20030318,700.2,536.63,47.46,109.96,6.02,0.75,352.3,139.98,1.79,,0,0,,,8,,,0283330,2,0,,1792.1,63287.414,,0,50,CLASS G NEAT,Slacks
100/04-09-056-13W5/00,DEVELOPMENT,Deviated,FERNIE GRP,MCLEOD COMMINGLED POOL 005,MCLEOD,,20050709,2075,1979.42,20050720,NABORS DRILLING LIMITED,5,,20120301,Abandoned Crude Oil,-301.29,1118.5,PRIMARY,,2020,2015,2054.2,NORDEGG MBR,189148.31,VIKING C,YES,140,AB2,Drayton Valley/Grande Prairie,0,2220.9321,29918.742,20211006,4756.7,353.1,20050718,813.4,605.41,132.01,3.25,92.17,4.26,0.57,236.39,20.15,,0,0,,128,2,13295,69,0328143,5,0,,26151.5,923531.5,,0,21,CLASS G NEAT,Tonnes
100/04-09-056-13W5/00,DEVELOPMENT,Deviated,FERNIE GRP,MCLEOD COMMINGLED POOL 005,MCLEOD,,20050709,2075,1979.42,20050720,NABORS DRILLING LIMITED,5,,20120301,Abandoned Crude Oil,-301.29,1118.5,PRIMARY,,2020,2015,2054.2,NORDEGG MBR,189148.31,VIKING C,YES,140,AB2,Drayton Valley/Grande Prairie,0,2220.9321,29918.742,20211006,4756.7,353.1,20050718,813.4,605.41,132.01,3.25,92.17,4.26,0.57,236.39,20.15,,0,0,,128,2,13295,69,0328143,5,0,,26151.5,923531.5,,0,32,LIGHT WEIGHT,Tonnes
100/04-09-056-13W5/00,DEVELOPMENT,Deviated,FERNIE GRP,MCLEOD COMMINGLED POOL 005,MCLEOD,,20050709,2075,1979.42,20050720,NABORS DRILLING LIMITED,5,,20120301,Abandoned Crude Oil,-301.29,1118.5,PRIMARY,,2020,2015,2054.2,NORDEGG MBR,189148.31,VIKING C,YES,140,AB2,Drayton Valley/Grande Prairie,0,2220.9321,29918.742,20211006,4756.7,353.1,20050718,813.4,605.41,132.01,3.25,92.17,4.26,0.57,236.39,20.15,,0,0,,128,2,13295,69,0328143,5,0,,26151.5,923531.5,,0,17,CLASS G NEAT,Tonnes
100/07-05-050-25W4/03,DEVELOPMENT,Vertical,LEDUC FM,LEDUC-WOODBEND BLAIRMORE S4S,LEDUC-WOODBEND,,20050601,1777,0,20050609,CHAMPION DRILLING INC.,2,,20071101,Abandoned Zone Gas,377.2,333.7,PRIMARY,,1304,1302.5,1744.09,LEDUC FM,38472.895,BLAIRMORE S4S,,360,AB5,Calgary/Edmonton,0,0,0,20200320,0,0,20050607,707.2,537.68,,,399.37,,,92.7,68.86,,0,0,,,,,,0330529,11,0,,6318.7,223142.78,,0,25,CLASS G NEAT,Tonnes
100/07-05-050-25W4/03,DEVELOPMENT,Vertical,LEDUC FM,LEDUC-WOODBEND BLAIRMORE S4S,LEDUC-WOODBEND,,20050601,1777,0,20050609,CHAMPION DRILLING INC.,2,,20071101,Abandoned Zone Gas,377.2,333.7,PRIMARY,,1304,1302.5,1744.09,LEDUC FM,38472.895,BLAIRMORE S4S,,360,AB5,Calgary/Edmonton,0,0,0,20200320,0,0,20050607,707.2,537.68,,,399.37,,,92.7,68.86,,0,0,,,,,,0330529,11,0,,6318.7,223142.78,,0,39,CLASS G NEAT,Tonnes
100/07-05-050-25W4/03,DEVELOPMENT,Vertical,LEDUC FM,LEDUC-WOODBEND BLAIRMORE S4S,LEDUC-WOODBEND,,20050601,1777,0,20050609,CHAMPION DRILLING INC.,2,,20071101,Abandoned Zone Gas,377.2,333.7,PRIMARY,,1304,1302.5,1744.09,LEDUC FM,38472.895,BLAIRMORE S4S,,360,AB5,Calgary/Edmonton,0,0,0,20200320,0,0,20050607,707.2,537.68,,,399.37,,,92.7,68.86,,0,0,,,,,,0330529,11,0,,6318.7,223142.78,,0,5.3,CLASS G NEAT,Tonnes
100/07-05-050-25W4/00,DEVELOPMENT,Vertical,LEDUC FM,,LEDUC-WOODBEND,,20050601,1777,0,20050609,CHAMPION DRILLING INC.,,,,Abandoned Zone,377.2,333.7,PRIMARY,,,,1744.09,LEDUC FM,,,,360,AB5,Calgary/Edmonton,,,,20200320,,,20050607,707.2,,,,,,,,,,,,,,,,,0330529,11,,,,,,,25,CLASS G NEAT,Tonnes
100/07-05-050-25W4/00,DEVELOPMENT,Vertical,LEDUC FM,,LEDUC-WOODBEND,,20050601,1777,0,20050609,CHAMPION DRILLING INC.,,,,Abandoned Zone,377.2,333.7,PRIMARY,,,,1744.09,LEDUC FM,,,,360,AB5,Calgary/Edmonton,,,,20200320,,,20050607,707.2,,,,,,,,,,,,,,,,,0330529,11,,,,,,,39,CLASS G NEAT,Tonnes
100/07-05-050-25W4/00,DEVELOPMENT,Vertical,LEDUC FM,,LEDUC-WOODBEND,,20050601,1777,0,20050609,CHAMPION DRILLING INC.,,,,Abandoned Zone,377.2,333.7,PRIMARY,,,,1744.09,LEDUC FM,,,,360,AB5,Calgary/Edmonton,,,,20200320,,,20050607,707.2,,,,,,,,,,,,,,,,,0330529,11,,,,,,,5.3,CLASS G NEAT,Tonnes
100/07-05-050-25W4/02,DEVELOPMENT,Vertical,LEDUC FM,LEDUC-WOODBEND D-1 T,LEDUC-WOODBEND,,20050601,1777,0,20050609,CHAMPION DRILLING INC.,13,,20160401,Abandoned Zone Crude Oil,377.2,333.7,PRIMARY,,1377,1364,1744.09,LEDUC FM,8704.162,D-1 T,,360,AB5,Calgary/Edmonton,0,12324.255,3628.5918,20200320,576.9,1959.4,20050607,707.2,40.17,39.64,152.72,24.72,2.29,3.1,46.57,6.55,,0,0,,16,4,10400,57,0330529,11,0,,833.6,29438.307,,0,25,CLASS G NEAT,Tonnes
100/07-05-050-25W4/02,DEVELOPMENT,Vertical,LEDUC FM,LEDUC-WOODBEND D-1 T,LEDUC-WOODBEND,,20050601,1777,0,20050609,CHAMPION DRILLING INC.,13,,20160401,Abandoned Zone Crude Oil,377.2,333.7,PRIMARY,,1377,1364,1744.09,LEDUC FM,8704.162,D-1 T,,360,AB5,Calgary/Edmonton,0,12324.255,3628.5918,20200320,576.9,1959.4,20050607,707.2,40.17,39.64,152.72,24.72,2.29,3.1,46.57,6.55,,0,0,,16,4,10400,57,0330529,11,0,,833.6,29438.307,,0,39,CLASS G NEAT,Tonnes
100/07-05-050-25W4/02,DEVELOPMENT,Vertical,LEDUC FM,LEDUC-WOODBEND D-1 T,LEDUC-WOODBEND,,20050601,1777,0,20050609,CHAMPION DRILLING INC.,13,,20160401,Abandoned Zone Crude Oil,377.2,333.7,PRIMARY,,1377,1364,1744.09,LEDUC FM,8704.162,D-1 T,,360,AB5,Calgary/Edmonton,0,12324.255,3628.5918,20200320,576.9,1959.4,20050607,707.2,40.17,39.64,152.72,24.72,2.29,3.1,46.57,6.55,,0,0,,16,4,10400,57,0330529,11,0,,833.6,29438.307,,0,5.3,CLASS G NEAT,Tonnes
100/07-05-050-25W4/04,DEVELOPMENT,Vertical,LEDUC FM,LEDUC-WOODBEND ELLERSLIE J,LEDUC-WOODBEND,,20050601,1777,0,20050609,CHAMPION DRILLING INC.,9,,20100401,Abandoned Gas,377.2,333.7,PRIMARY,,1285.7,1277,1744.09,LEDUC FM,2654.0798,ELLERSLIE J,,360,AB5,Calgary/Edmonton,0,289.3313,0,20200320,0,46,20050607,707.2,284.83,,96.44,6.63,,4.74,49.11,1.14,,0,0,,32,1,9991,72,0330529,11,0,,435.9,15393.663,,0,25,CLASS G NEAT,Tonnes
100/07-05-050-25W4/04,DEVELOPMENT,Vertical,LEDUC FM,LEDUC-WOODBEND ELLERSLIE J,LEDUC-WOODBEND,,20050601,1777,0,20050609,CHAMPION DRILLING INC.,9,,20100401,Abandoned Gas,377.2,333.7,PRIMARY,,1285.7,1277,1744.09,LEDUC FM,2654.0798,ELLERSLIE J,,360,AB5,Calgary/Edmonton,0,289.3313,0,20200320,0,46,20050607,707.2,284.83,,96.44,6.63,,4.74,49.11,1.14,,0,0,,32,1,9991,72,0330529,11,0,,435.9,15393.663,,0,39,CLASS G NEAT,Tonnes
100/07-05-050-25W4/04,DEVELOPMENT,Vertical,LEDUC FM,LEDUC-WOODBEND ELLERSLIE J,LEDUC-WOODBEND,,20050601,1777,0,20050609,CHAMPION DRILLING INC.,9,,20100401,Abandoned Gas,377.2,333.7,PRIMARY,,1285.7,1277,1744.09,LEDUC FM,2654.0798,ELLERSLIE J,,360,AB5,Calgary/Edmonton,0,289.3313,0,20200320,0,46,20050607,707.2,284.83,,96.44,6.63,,4.74,49.11,1.14,,0,0,,32,1,9991,72,0330529,11,0,,435.9,15393.663,,0,5.3,CLASS G NEAT,Tonnes
100/06-04-058-13W5/00,NEW POOL WILDCAT,Vertical,FERNIE GRP,,MCLEOD,,20051007,1836,0,20051015,NABORS DRILLING LIMITED,,,,Abandoned,-212.29,1007.5,PRIMARY,,,,,,,,,140,AB5,Drayton Valley/Grande Prairie,,,,20080604,,,20051011,790.5,,,,,,,,,,,,,,,,,0337773,,,,,,,,25,CLASS A NEAT,Tonnes
100/06-04-058-13W5/00,NEW POOL WILDCAT,Vertical,FERNIE GRP,,MCLEOD,,20051007,1836,0,20051015,NABORS DRILLING LIMITED,,,,Abandoned,-212.29,1007.5,PRIMARY,,,,,,,,,140,AB5,Drayton Valley/Grande Prairie,,,,20080604,,,20051011,790.5,,,,,,,,,,,,,,,,,0337773,,,,,,,,29,LIGHT WEIGHT,Tonnes
100/06-04-058-13W5/00,NEW POOL WILDCAT,Vertical,FERNIE GRP,,MCLEOD,,20051007,1836,0,20051015,NABORS DRILLING LIMITED,,,,Abandoned,-212.29,1007.5,PRIMARY,,,,,,,,,140,AB5,Drayton Valley/Grande Prairie,,,,20080604,,,20051011,790.5,,,,,,,,,,,,,,,,,0337773,,,,,,,,16,CLASS G NEAT,Tonnes
100/06-14-066-10W5/00,DEVELOPMENT,Horizontal,SWAN HILLS MBR,SWAN HILLS COMMINGLED POOL 001,SWAN HILLS,,20051118,3200,2586.48,20051209,POLAR EQUIPMENT (PONWELL) LTD.,700,,20160801,Abandoned Zone Crude Oil,207.02,889.3,PRIMARY,,3200,2500,2130.04,WOODBEND GRP,35539.574,BEAVERHILL LAKE A,,140,AB5,Athabasca/Peace River,0,2540.4546,32518.951,,5170.1,403.9,20051208,1091.4,23.55,63.32,10.86,0.6,4.69,1.7,67.38,4.79,,0,0,,,10,20226,95,0341120,,0,,496.1,17519.605,,0,26,CLASS G NEAT,Tonnes
100/06-14-066-10W5/00,DEVELOPMENT,Horizontal,SWAN HILLS MBR,SWAN HILLS COMMINGLED POOL 001,SWAN HILLS,,20051118,3200,2586.48,20051209,POLAR EQUIPMENT (PONWELL) LTD.,700,,20160801,Abandoned Zone Crude Oil,207.02,889.3,PRIMARY,,3200,2500,2130.04,WOODBEND GRP,35539.574,BEAVERHILL LAKE A,,140,AB5,Athabasca/Peace River,0,2540.4546,32518.951,,5170.1,403.9,20051208,1091.4,23.55,63.32,10.86,0.6,4.69,1.7,67.38,4.79,,0,0,,,10,20226,95,0341120,,0,,496.1,17519.605,,0,21,CLASS G NEAT,Tonnes
100/06-14-066-10W5/00,DEVELOPMENT,Horizontal,SWAN HILLS MBR,SWAN HILLS COMMINGLED POOL 001,SWAN HILLS,,20051118,3200,2586.48,20051209,POLAR EQUIPMENT (PONWELL) LTD.,700,,20160801,Abandoned Zone Crude Oil,207.02,889.3,PRIMARY,,3200,2500,2130.04,WOODBEND GRP,35539.574,BEAVERHILL LAKE A,,140,AB5,Athabasca/Peace River,0,2540.4546,32518.951,,5170.1,403.9,20051208,1091.4,23.55,63.32,10.86,0.6,4.69,1.7,67.38,4.79,,0,0,,,10,20226,95,0341120,,0,,496.1,17519.605,,0,19,CLASS G NEAT,Tonnes
100/16-05-058-13W5/00,NEW POOL WILDCAT,Deviated,NORDEGG MBR,,MCLEOD,,20070119,1932,1883.49,20070128,PATTERSON-UTI DRILLING CO. CANADA,,,,Abandoned,-210.09,1040.4,PRIMARY,,,,,,,,YES,280,AB5,Drayton Valley/Grande Prairie,,,,20180117,,,20070125,826.2,,,,,,,,,,,,,,,,,0360015,1,,,,,,,20.5,CLASS G NEAT,Tonnes
100/16-05-058-13W5/00,NEW POOL WILDCAT,Deviated,NORDEGG MBR,,MCLEOD,,20070119,1932,1883.49,20070128,PATTERSON-UTI DRILLING CO. CANADA,,,,Abandoned,-210.09,1040.4,PRIMARY,,,,,,,,YES,280,AB5,Drayton Valley/Grande Prairie,,,,20180117,,,20070125,826.2,,,,,,,,,,,,,,,,,0360015,1,,,,,,,25,LIGHT WEIGHT,Tonnes
100/16-05-058-13W5/00,NEW POOL WILDCAT,Deviated,NORDEGG MBR,,MCLEOD,,20070119,1932,1883.49,20070128,PATTERSON-UTI DRILLING CO. CANADA,,,,Abandoned,-210.09,1040.4,PRIMARY,,,,,,,,YES,280,AB5,Drayton Valley/Grande Prairie,,,,20180117,,,20070125,826.2,,,,,,,,,,,,,,,,,0360015,1,,,,,,,9,CLASS G NEAT,Tonnes
100/13-20-068-08W5/00,OTHER,Vertical,BANFF FM,,SWAN HILLS,SOURCE,20080808,1245,0,20080830,PRECISION DRILLING CORPORATION,71,,20141101,Abandoned Water Source,404.81,597.5,PRIMARY,,1245,1174,,,0,,,140,AB5,Athabasca/Peace River,0,90039.27,0,20211212,0,14315.1,20080821,997.4,,,368.87,,,311.26,0,0,,0,0,,,,,,0397780,,0,,0,0,,0,18,CLASS G NEAT,Tonnes
100/13-20-068-08W5/00,OTHER,Vertical,BANFF FM,,SWAN HILLS,SOURCE,20080808,1245,0,20080830,PRECISION DRILLING CORPORATION,71,,20141101,Abandoned Water Source,404.81,597.5,PRIMARY,,1245,1174,,,0,,,140,AB5,Athabasca/Peace River,0,90039.27,0,20211212,0,14315.1,20080821,997.4,,,368.87,,,311.26,0,0,,0,0,,,,,,0397780,,0,,0,0,,0,15,LIGHT WEIGHT,Tonnes
100/13-20-068-08W5/00,OTHER,Vertical,BANFF FM,,SWAN HILLS,SOURCE,20080808,1245,0,20080830,PRECISION DRILLING CORPORATION,71,,20141101,Abandoned Water Source,404.81,597.5,PRIMARY,,1245,1174,,,0,,,140,AB5,Athabasca/Peace River,0,90039.27,0,20211212,0,14315.1,20080821,997.4,,,368.87,,,311.26,0,0,,0,0,,,,,,0397780,,0,,0,0,,0,6,CLASS G NEAT,Tonnes
103/11-21-050-26W4/00,DEVELOPMENT,Deviated,LEDUC FM,LEDUC-WOODBEND D-3 A,LEDUC-WOODBEND,,20120820,1658,1649.08,20120827,BEAVER DRILLING LTD.,2,,20131201,Abandoned Crude Oil,359.09,357.1,WATER FLOOD,Waterflood,1605,1603,,,6264.074,D-3 A,,360,AB5,Calgary/Edmonton,0,74269.45,56.608295,20200318,9,11807.9,20120825,711.6,424.41,5.15,207.58,45.29,1.83,127.83,78.32,9.64,,0,0,,,8,,,0447513,3,0,,1019.5,36003.3,,0,16,CLASS C NEAT,Tonnes
103/11-21-050-26W4/00,DEVELOPMENT,Deviated,LEDUC FM,LEDUC-WOODBEND D-3 A,LEDUC-WOODBEND,,20120820,1658,1649.08,20120827,BEAVER DRILLING LTD.,2,,20131201,Abandoned Crude Oil,359.09,357.1,WATER FLOOD,Waterflood,1605,1603,,,6264.074,D-3 A,,360,AB5,Calgary/Edmonton,0,74269.45,56.608295,20200318,9,11807.9,20120825,711.6,424.41,5.15,207.58,45.29,1.83,127.83,78.32,9.64,,0,0,,,8,,,0447513,3,0,,1019.5,36003.3,,0,34.4,LIGHT WEIGHT,Tonnes
103/13-35-049-26W4/00,DEVELOPMENT,Vertical,LEDUC FM,LEDUC-WOODBEND D-3 A,LEDUC-WOODBEND,,20120921,1672,0,20121001,BEAVER DRILLING LTD.,1,,20151001,Suspended Crude Oil,382.7,348.7,WATER FLOOD,Waterflood,1626.5,1625.5,,,18569.873,D-3 A,,360,AB5,Calgary/Edmonton,0,245535.34,11117.869,,1767.6,39037,20120927,726.2,372.2,12.64,188.92,19.08,6.97,255.76,76.81,10.26,,0,0,,,8,,,0448115,1,0,,1223.9,43221.62,,0,25,CLASS C NEAT,Tonnes
103/13-35-049-26W4/00,DEVELOPMENT,Vertical,LEDUC FM,LEDUC-WOODBEND D-3 A,LEDUC-WOODBEND,,20120921,1672,0,20121001,BEAVER DRILLING LTD.,1,,20151001,Suspended Crude Oil,382.7,348.7,WATER FLOOD,Waterflood,1626.5,1625.5,,,18569.873,D-3 A,,360,AB5,Calgary/Edmonton,0,245535.34,11117.869,,1767.6,39037,20120927,726.2,372.2,12.64,188.92,19.08,6.97,255.76,76.81,10.26,,0,0,,,8,,,0448115,1,0,,1223.9,43221.62,,0,19.4,CLASS G NEAT,Tonnes
103/13-35-049-26W4/00,DEVELOPMENT,Vertical,LEDUC FM,LEDUC-WOODBEND D-3 A,LEDUC-WOODBEND,,20120921,1672,0,20121001,BEAVER DRILLING LTD.,1,,20151001,Suspended Crude Oil,382.7,348.7,WATER FLOOD,Waterflood,1626.5,1625.5,,,18569.873,D-3 A,,360,AB5,Calgary/Edmonton,0,245535.34,11117.869,,1767.6,39037,20120927,726.2,372.2,12.64,188.92,19.08,6.97,255.76,76.81,10.26,,0,0,,,8,,,0448115,1,0,,1223.9,43221.62,,0,28.5,CLASS G NEAT,Tonnes
100/01-30-049-25W4/00,DEVELOPMENT,Horizontal,NISKU FM,LEDUC-WOODBEND D-2 B,LEDUC-WOODBEND,,20140724,3049,1574.88,20140806,SAVANNA DRILLING CORP.,1158,,20191201,Suspended Crude Oil,370.4,349.6,PRIMARY,,2935,1776.8,,,91294.24,D-2 B,YES,360,AB5,Calgary/Edmonton,0,1121221,62234.53,,9894.5,178259.9,20140803,715.8,193.51,96.5,1125.83,57.46,9.08,417.55,129.86,18.99,,0,0,,8843,14,11696,60,0464599,,0,,4772.7,168546.31,,0,30,CLASS C NEAT,Tonnes
100/01-30-049-25W4/00,DEVELOPMENT,Horizontal,NISKU FM,LEDUC-WOODBEND D-2 B,LEDUC-WOODBEND,,20140724,3049,1574.88,20140806,SAVANNA DRILLING CORP.,1158,,20191201,Suspended Crude Oil,370.4,349.6,PRIMARY,,2935,1776.8,,,91294.24,D-2 B,YES,360,AB5,Calgary/Edmonton,0,1121221,62234.53,,9894.5,178259.9,20140803,715.8,193.51,96.5,1125.83,57.46,9.08,417.55,129.86,18.99,,0,0,,8843,14,11696,60,0464599,,0,,4772.7,168546.31,,0,36,LIGHT WEIGHT,Tonnes
100/01-30-049-25W4/00,DEVELOPMENT,Horizontal,NISKU FM,LEDUC-WOODBEND D-2 B,LEDUC-WOODBEND,,20140724,3049,1574.88,20140806,SAVANNA DRILLING CORP.,1158,,20191201,Suspended Crude Oil,370.4,349.6,PRIMARY,,2935,1776.8,,,91294.24,D-2 B,YES,360,AB5,Calgary/Edmonton,0,1121221,62234.53,,9894.5,178259.9,20140803,715.8,193.51,96.5,1125.83,57.46,9.08,417.55,129.86,18.99,,0,0,,8843,14,11696,60,0464599,,0,,4772.7,168546.31,,0,20.2,CLASS C NEAT,Tonnes
103/10-08-050-26W4/00,DEVELOPMENT,Horizontal,NISKU FM,LEDUC-WOODBEND D-2 A,LEDUC-WOODBEND,,20140817,2862,1582.36,20140827,SAVANNA DRILLING CORP.,991,,20230701,Pumping Crude Oil,347.5,384.6,PRIMARY,Waterflood,2818,1826.9,,,78451.24,D-2 A,YES,360,AB5,Calgary/Edmonton,0,725068.6,50748.71,,8068.4,115276.7,20140825,727.9,80.08,135.25,532.45,14.16,2.89,92.45,149.06,5.33,,0,0,,,10,10441,54,0467340,,0,,4549.8,160674.67,,0,30,GPSL/GPCEM/THX,Tonnes
103/10-08-050-26W4/00,DEVELOPMENT,Horizontal,NISKU FM,LEDUC-WOODBEND D-2 A,LEDUC-WOODBEND,,20140817,2862,1582.36,20140827,SAVANNA DRILLING CORP.,991,,20230701,Pumping Crude Oil,347.5,384.6,PRIMARY,Waterflood,2818,1826.9,,,78451.24,D-2 A,YES,360,AB5,Calgary/Edmonton,0,725068.6,50748.71,,8068.4,115276.7,20140825,727.9,80.08,135.25,532.45,14.16,2.89,92.45,149.06,5.33,,0,0,,,10,10441,54,0467340,,0,,4549.8,160674.67,,0,34.8,LIGHT WEIGHT,Tonnes
103/10-08-050-26W4/00,DEVELOPMENT,Horizontal,NISKU FM,LEDUC-WOODBEND D-2 A,LEDUC-WOODBEND,,20140817,2862,1582.36,20140827,SAVANNA DRILLING CORP.,991,,20230701,Pumping Crude Oil,347.5,384.6,PRIMARY,Waterflood,2818,1826.9,,,78451.24,D-2 A,YES,360,AB5,Calgary/Edmonton,0,725068.6,50748.71,,8068.4,115276.7,20140825,727.9,80.08,135.25,532.45,14.16,2.89,92.45,149.06,5.33,,0,0,,,10,10441,54,0467340,,0,,4549.8,160674.67,,0,16.6,CLASS C NEAT,Tonnes
102/04-06-050-26W4/00,DEVELOPMENT,Horizontal,NISKU FM,LEDUC-WOODBEND D-2 A,LEDUC-WOODBEND,,20150929,3527,1587.89,20151010,SAVANNA DRILLING CORP.,1690,,20151101,Abandoned Zone Crude Oil,350.59,380.3,PRIMARY,,3527,1837,,,1756.0731,D-2 A,,360,AB5,Calgary/Edmonton,0,767.35693,269.2039,,42.8,122,20151009,727.4,337.32,9.76,76.57,141.37,4.41,12.58,67.92,28.78,,0,0,,,10,10441,54,0473315,,0,,244.2,8623.842,,0,30,GPSL/GPCEM/THX,Tonnes
102/04-06-050-26W4/00,DEVELOPMENT,Horizontal,NISKU FM,LEDUC-WOODBEND D-2 A,LEDUC-WOODBEND,,20150929,3527,1587.89,20151010,SAVANNA DRILLING CORP.,1690,,20151101,Abandoned Zone Crude Oil,350.59,380.3,PRIMARY,,3527,1837,,,1756.0731,D-2 A,,360,AB5,Calgary/Edmonton,0,767.35693,269.2039,,42.8,122,20151009,727.4,337.32,9.76,76.57,141.37,4.41,12.58,67.92,28.78,,0,0,,,10,10441,54,0473315,,0,,244.2,8623.842,,0,26.9,LIGHT WEIGHT,Tonnes
102/04-06-050-26W4/00,DEVELOPMENT,Horizontal,NISKU FM,LEDUC-WOODBEND D-2 A,LEDUC-WOODBEND,,20150929,3527,1587.89,20151010,SAVANNA DRILLING CORP.,1690,,20151101,Abandoned Zone Crude Oil,350.59,380.3,PRIMARY,,3527,1837,,,1756.0731,D-2 A,,360,AB5,Calgary/Edmonton,0,767.35693,269.2039,,42.8,122,20151009,727.4,337.32,9.76,76.57,141.37,4.41,12.58,67.92,28.78,,0,0,,,10,10441,54,0473315,,0,,244.2,8623.842,,0,17.5,LIGHT WEIGHT,Tonnes
103/14-04-050-26W4/00,DEVELOPMENT,Horizontal,NISKU FM,LEDUC-WOODBEND D-2 A,LEDUC-WOODBEND,,20220918,4875,1583.18,20220928,ENSIGN DRILLING INC.,2917,,20230701,Pumping Crude Oil,387.37,341.4,PRIMARY,,4814.5,1897.1,,,63695.805,D-2 A,YES,360,AB5,Calgary/Edmonton,0,325319.06,53434.457,,8495.4,51721.6,20220927,723.6,158.76,777.89,1222.66,359.56,208.85,1411.06,805.26,270.84,,0,0,,,10,10441,54,0505412,,0,,1685.3,59515.81,,0,32,CLASS C NEAT,Tonnes
103/14-04-050-26W4/00,DEVELOPMENT,Horizontal,NISKU FM,LEDUC-WOODBEND D-2 A,LEDUC-WOODBEND,,20220918,4875,1583.18,20220928,ENSIGN DRILLING INC.,2917,,20230701,Pumping Crude Oil,387.37,341.4,PRIMARY,,4814.5,1897.1,,,63695.805,D-2 A,YES,360,AB5,Calgary/Edmonton,0,325319.06,53434.457,,8495.4,51721.6,20220927,723.6,158.76,777.89,1222.66,359.56,208.85,1411.06,805.26,270.84,,0,0,,,10,10441,54,0505412,,0,,1685.3,59515.81,,0,32,LIGHT WEIGHT,Tonnes
103/14-04-050-26W4/00,DEVELOPMENT,Horizontal,NISKU FM,LEDUC-WOODBEND D-2 A,LEDUC-WOODBEND,,20220918,4875,1583.18,20220928,ENSIGN DRILLING INC.,2917,,20230701,Pumping Crude Oil,387.37,341.4,PRIMARY,,4814.5,1897.1,,,63695.805,D-2 A,YES,360,AB5,Calgary/Edmonton,0,325319.06,53434.457,,8495.4,51721.6,20220927,723.6,158.76,777.89,1222.66,359.56,208.85,1411.06,805.26,270.84,,0,0,,,10,10441,54,0505412,,0,,1685.3,59515.81,,0,16,CLASS G NEAT,Tonnes
103/14-04-050-26W4/00,DEVELOPMENT,Horizontal,NISKU FM,LEDUC-WOODBEND D-2 A,LEDUC-WOODBEND,,20220918,4875,1583.18,20220928,ENSIGN DRILLING INC.,2917,,20230701,Pumping Crude Oil,387.37,341.4,PRIMARY,,4814.5,1897.1,,,63695.805,D-2 A,YES,360,AB5,Calgary/Edmonton,0,325319.06,53434.457,,8495.4,51721.6,20220927,723.6,158.76,777.89,1222.66,359.56,208.85,1411.06,805.26,270.84,,0,0,,,10,10441,54,0505412,,0,,1685.3,59515.81,,0,40,CLASS C NEAT,Tonnes
103/06-21-050-26W4/02,RE-ENTRY,Horizontal,WABAMUN GRP,LEDUC-WOODBEND D-1 A,LEDUC-WOODBEND,,19980824,1857,1365.32,19980901,,626,,20020601,Suspended Crude Oil,357.88,358.7,PRIMARY,,1857,1231.5,,,9748.212,D-1 A,,,AB5,Calgary/Edmonton,0,5011.0923,5546.984,,881.9,796.7,19980830,716.6,153.59,55.33,30.37,3.34,1.03,0.44,81.81,1.61,,0,0,,1082,5,9624,58,B0001843,,0,,690,24367.12,,0,4.5,CLASS G NEAT,Cubic metres
106/10-21-050-26W4/02,RE-ENTRY,Horizontal,WABAMUN GRP,LEDUC-WOODBEND D-1 A,LEDUC-WOODBEND,,19480715,1865,1356.34,19981018,,368,,20010201,Suspended Crude Oil,361.55,349,PRIMARY,,1865,1497,,,16467.271,D-1 A,,,AB5,Calgary/Edmonton,0,16524.592,12674.598,,2015.1,2627.2,19981017,707.7,32.36,80.73,26.46,17.03,8.25,13,86.31,11.19,,0,0,,1082,5,9624,58,B0002196,1,0,,622.9,21997.506,,0,2.8,CLASS G NEAT,Cubic metres
103/10-16-050-26W4/04,RE-ENTRY,Deviated,WABAMUN GRP,,LEDUC-WOODBEND,,19490410,1898.6,1378.46,19981005,FALCON WELL SERVICES LTD,,,,Abandoned,356.14,367.2,,,,,,,,,YES,,AB5,Calgary/Edmonton,,,,20220310,,,19981004,720.9,,,,,,,,,,,,,,,,,B0002763,4,,,,,,,5.3,CLASS G NEAT,Tonnes
103/10-16-050-26W4/02,RE-ENTRY,Horizontal,WABAMUN GRP,LEDUC-WOODBEND D-1 A,LEDUC-WOODBEND,,19490410,1898.6,1378.46,19981005,FALCON WELL SERVICES LTD,455,,20001201,Abandoned Zone Crude Oil,356.14,367.2,PRIMARY,,1898,1443,,,11710.236,D-1 A,YES,,AB5,Calgary/Edmonton,0,4363.2417,3002.1267,20220310,477.3,693.7,19981004,720.9,489.79,28.44,40.14,31.44,4.54,10.06,112.89,9.96,,0,0,,1082,5,9624,58,B0002763,4,0,,1430.2,50507.035,,0,5.3,CLASS G NEAT,Tonnes
103/10-16-050-26W4/03,RE-ENTRY,Deviated,WABAMUN GRP,LEDUC-WOODBEND BLAIRMORE Q,LEDUC-WOODBEND,,19490410,1898.6,1378.46,19981005,FALCON WELL SERVICES LTD,3,,20101001,Abandoned Zone Crude Oil,356.14,367.2,PRIMARY,,1316,1313,,,4582.731,BLAIRMORE Q,YES,,AB5,Calgary/Edmonton,0,21079.043,2429.754,20220310,386.3,3351.3,19981004,720.9,40.23,5.25,73.28,1.31,14.19,1.75,12.19,14.42,,0,0,,112,3,9635,54,B0002763,4,0,,353.6,12487.267,,0,5.3,CLASS G NEAT,Tonnes